key,quantity,source,equation,file,object,test,note
beta,$\beta_\ell = O^{A_\ell}O_{A_\ell} = (\ell!)^2 2^\ell/(2\ell)!$,"T. Gebbie and G. F. R. Ellis, Annals of Physics 282, 285 (2000)",(24),functions/harmonics/weights.py,beta,test_beta_module_matches_symbolic_exactly,"exact rationals, never floats"
beta_recurrence,"$\beta_\ell = \frac{\ell}{2\ell-1}\beta_{\ell-1}$, $\beta_{\ell+1} = \frac{\ell+1}{2\ell+1}\beta_\ell$","T. Gebbie and G. F. R. Ellis, Annals of Physics 282, 285 (2000)",(25),functions/harmonics/weights.py,beta,test_beta_recurrence_descending_general_ell,verified at general $\ell$ symbolically
delta,$\Delta_\ell = 4\pi\beta_\ell/(2\ell+1)$,"T. Gebbie and G. F. R. Ellis, Annals of Physics 282, 285 (2000)",(119),functions/harmonics/weights.py,delta_over_pi,—,$4\pi$ factored out so the result stays rational
alpha,"$\alpha_\ell$, defined by $\beta_\ell = \alpha_\ell^{-1}(2\ell+1)$","T. Gebbie, P. K. S. Dunsby and G. F. R. Ellis, Annals of Physics 282, 321 (2000)","App. F, p. 380",functions/harmonics/weights.py,alpha,test_f4_is_direct_substitution_into_f3,the normalisation in which (F.4) takes the external form
F1_weight,free-streaming weight $w_\ell = (\ell+1)^2/[(2\ell+3)(2\ell+1)]$,"T. Gebbie, P. K. S. Dunsby and G. F. R. Ellis, Annals of Physics 282, 321 (2000)","(F.1), p. 379",functions/harmonics/weights.py,free_streaming_weight,test_f1_weight_is_the_mode_recursion_weight_shifted,the hierarchy is the adjoint of the mode recursion
F1,covariant recursion $-\dot\tau_\ell = (k_{\rm com}/a)[w_\ell\tau_{\ell+1}-\tau_{\ell-1}]$,"T. Gebbie, P. K. S. Dunsby and G. F. R. Ellis, Annals of Physics 282, 321 (2000)","(F.1), p. 379",functions/harmonics/free_streaming.py,free_stream,test_the_three_normalisations_are_one_solution,\texttt{normalisation='covariant'}. $k$ here is COMOVING
F3,"$\beta$-normalised recursion, conformal time","T. Gebbie, P. K. S. Dunsby and G. F. R. Ellis, Annals of Physics 282, 321 (2000)","(F.3), p. 380",functions/harmonics/free_streaming.py,free_stream,test_the_three_normalisations_are_one_solution,\texttt{normalisation='beta'}. Matches Hu \& Sugiyama
F4,$\alpha$-normalised recursion,"T. Gebbie, P. K. S. Dunsby and G. F. R. Ellis, Annals of Physics 282, 321 (2000)","(F.4), p. 380",functions/harmonics/free_streaming.py,free_stream,test_f4_variable_is_exactly_the_spherical_bessel_function,\texttt{normalisation='alpha'}. Applies the $(2\ell+1)^{-1}$ division the text specifies and the display omits --- finding G2
bessel_solution,free-streaming solution $\alpha_\ell^{-1}\tau_\ell = j_\ell(k_{\rm com}\Delta\eta)$,"T. Gebbie, P. K. S. Dunsby and G. F. R. Ellis, Annals of Physics 282, 321 (2000)","App. F, p. 380",functions/harmonics/free_streaming.py,analytic_projection,test_f4_variable_is_exactly_the_spherical_bessel_function,matched to $1.2\times10^{-10}$
HS6,$\dot\Theta_\ell = k[\frac{\ell}{2\ell-1}\Theta_{\ell-1}-\frac{\ell+1}{2\ell+3}\Theta_{\ell+1}]$,"W. Hu and N. Sugiyama, Physical Review D 51, 2599 (1995)","(6), p. 2601",functions/harmonics/external.py,WEIGHTS,test_external_hierarchies_match_the_bundle_at_machine_precision,"$\beta$ normalisation. Read from the source paper, not through Appendix F"
MB49,$\dot F_{\nu\ell} = \frac{k}{2\ell+1}[\ell F_{\nu(\ell-1)}-(\ell+1)F_{\nu(\ell+1)}]$,"C.-P. Ma and E. Bertschinger, Astrophysical Journal 455, 7 (1995)","(49), (50)",functions/harmonics/external.py,WEIGHTS,test_external_hierarchies_match_the_bundle_at_machine_precision,$\alpha$ normalisation. arXiv copy carries the same numbers as print
SZ3d,$\dot\Delta_{T\ell} = \frac{k}{2\ell+1}[\ell\Delta_{T(\ell-1)}-(\ell+1)\Delta_{T(\ell+1)}]$,"U. Seljak and M. Zaldarriaga, Astrophysical Journal 469, 437 (1996)",(3d),functions/harmonics/external.py,WEIGHTS,test_external_hierarchies_match_the_bundle_at_machine_precision,$\alpha$ normalisation. Thomson term dropped
sign_control,"relative-sign control: the $\lambda^2=-1$ normalisation, run as a wiring check","T. Gebbie, P. K. S. Dunsby and G. F. R. Ellis, Annals of Physics 282, 321 (2000)","(F.1), p. 379",functions/harmonics/free_streaming.py,free_stream,test_sign_control_fails_in_a_known_shape,"`sign_control=True`. Criterion 4, and criterion 3 in executable form"
bessel_integral,"$\int_0^\infty z^{-m}j_\ell^2(z)\,dz$, corrected to carry $[(m/2)!]^2$","T. Gebbie, P. K. S. Dunsby and G. F. R. Ellis, Annals of Physics 282, 321 (2000)","(199), p. 372",scripts/derive_ell_range.py,bessel_integral_corrected,test_annals_ii_199_needs_the_square_in_its_denominator,"finding G3. Printed form exact only at $m=0,2$"
acoustic_scale,"$\ell_A = \pi\Delta\eta_*/r_s$, bounding criterion 5's range","T. Gebbie, P. K. S. Dunsby and G. F. R. Ellis, Annals of Physics 282, 321 (2000)","\S8.3.2, p. 372",scripts/derive_ell_range.py,acoustic_scale,—,"gives $\ell_A\simeq203$, hence $2\le\ell\le20$ at 5\%"
cl_mode_route,$C_\ell = \frac{2}{\pi}\frac{\beta_\ell^2}{(2\ell+1)^2}\int \frac{dk}{k}k^3|\tau_\ell|^2$,"T. Gebbie, P. K. S. Dunsby and G. F. R. Ellis, Annals of Physics 282, 321 (2000)","(186), p. 368",—,—,test_mode_route_and_covariant_route_to_cl_are_identical,PENDING implementation --- \textbf{the v1.0.0 target}. Prefactor identity already asserted
cl_multipole_meansquare,$\langle\tau_{A_\ell}\tau^{A_\ell}\rangle = \frac{\beta_\ell}{2\pi^2}\int k^2dk|\tau_\ell|^2$,"T. Gebbie, P. K. S. Dunsby and G. F. R. Ellis, Annals of Physics 282, 321 (2000)","(187), p. 368",—,—,test_mode_route_and_covariant_route_to_cl_are_identical,"PENDING implementation --- the covariant route, not attainable in the canonical treatment"
cl_covariant_route,$C_\ell = \Delta_\ell(2\ell+1)^{-1}\langle\tau_{A_\ell}\tau^{A_\ell}\rangle$,"T. Gebbie, P. K. S. Dunsby and G. F. R. Ellis, Annals of Physics 282, 321 (2000)","(188), p. 368",—,—,test_mode_route_and_covariant_route_to_cl_are_identical,PENDING implementation --- identical to (186); proven exactly
cl_sachs_wolfe,$C^{\rm SW}_\ell = \frac{1}{2\pi}H_0^4\Omega_0^{1.54}\int\frac{dk}{k^2}P(k)j_\ell^2(k\Delta\eta_*)$,"T. Gebbie, P. K. S. Dunsby and G. F. R. Ellis, Annals of Physics 282, 321 (2000)","(198), p. 371",functions/spectra/sachs_wolfe.py,cl_sachs_wolfe_quadrature,test_the_analytic_reduction_matches_the_quadrature,"criterion 5a's target. Integrated directly in $k$, independent of (199)"
cl_large_scale,"large-scale closed form, $n=1$","T. Gebbie, P. K. S. Dunsby and G. F. R. Ellis, Annals of Physics 282, 321 (2000)","(200), (201), p. 372",functions/spectra/sachs_wolfe.py,cl_large_scale_reduced,test_g5_printed_201_is_short_by_the_comoving_distance,finding \textbf{G5}: the printed (201) omits the factor $\chi$ from the reduction
fftlog_kernel,"closed-form k-integral kernel at complex $m$, $\int z^{-m}j_\ell^2(z)dz$","T. Gebbie, P. K. S. Dunsby and G. F. R. Ellis, Annals of Physics 282, 321 (2000)","(199), p. 372, corrected",functions/spectra/kernels.py,bessel_square_kernel,test_complex_kernel_reduces_to_the_real_identity,"G3 corrected makes it usable as a transform kernel, not only a spot formula"
fftlog_primary,primary-term $k$-integral by power-law decomposition,"T. Gebbie, P. K. S. Dunsby and G. F. R. Ellis, Annals of Physics 282, 321 (2000)","(176) primary term, (198)",functions/spectra/kernels.py,fftlog_primary_integral,test_fftlog_matches_quadrature_on_a_non_power_law_integrand,"route 3, the hybrid. No oscillatory quadrature; the tilt is load-bearing"
line_of_sight,"integrated terms, $\int d\eta\,S(k,\eta)\,j_\ell(k\Delta\eta)$","T. Gebbie, P. K. S. Dunsby and G. F. R. Ellis, Annals of Physics 282, 321 (2000)","(176), p. 365",functions/spectra/bessel_table.py,line_of_sight,test_line_of_sight_matches_direct_evaluation,"route 3's tabulated half: two distinct Bessel arguments, so no closed form"
source_split,"$S_P$, $S_{\rm DISW}$, $S_{\rm ISW}$ --- the temperature source split","T. Gebbie, P. K. S. Dunsby and G. F. R. Ellis, Annals of Physics 282, 321 (2000)","(177), (178), (179), p. 366",—,—,—,PENDING --- figure F5
integral_solution,"integral solution, $\beta_\ell\tau_\ell(\eta_0)/(2\ell+1)$ projected through $j_\ell$","T. Gebbie, P. K. S. Dunsby and G. F. R. Ellis, Annals of Physics 282, 321 (2000)","(176), p. 365",—,—,—,"PENDING --- figures F3, F5"
truncation,truncation condition: four consecutive vanishing harmonics force $\sigma_{ab}=0$,"T. Gebbie, P. K. S. Dunsby and G. F. R. Ellis, Annals of Physics 282, 321 (2000)","App. E, (E.1), p. 378",—,—,—,PENDING --- figure F2
