form,appendix_f_equation,source,scale,ell,residual
HS,(F.3),"Hu & Sugiyama, Phys. Rev. D 51 (1995), 2599, Eq. (6)",1.000000000000,0,2.237099e-14
HS,(F.3),"Hu & Sugiyama, Phys. Rev. D 51 (1995), 2599, Eq. (6)",1.000000000000,1,6.461498e-14
HS,(F.3),"Hu & Sugiyama, Phys. Rev. D 51 (1995), 2599, Eq. (6)",1.000000000000,2,7.593925e-14
HS,(F.3),"Hu & Sugiyama, Phys. Rev. D 51 (1995), 2599, Eq. (6)",1.000000000000,3,8.282264e-14
HS,(F.3),"Hu & Sugiyama, Phys. Rev. D 51 (1995), 2599, Eq. (6)",1.000000000000,4,8.903989e-14
HS,(F.3),"Hu & Sugiyama, Phys. Rev. D 51 (1995), 2599, Eq. (6)",1.000000000000,5,9.370282e-14
HS,(F.3),"Hu & Sugiyama, Phys. Rev. D 51 (1995), 2599, Eq. (6)",1.000000000000,6,9.880985e-14
HS,(F.3),"Hu & Sugiyama, Phys. Rev. D 51 (1995), 2599, Eq. (6)",1.000000000000,7,1.021405e-13
HS,(F.3),"Hu & Sugiyama, Phys. Rev. D 51 (1995), 2599, Eq. (6)",1.000000000000,8,1.061373e-13
HS,(F.3),"Hu & Sugiyama, Phys. Rev. D 51 (1995), 2599, Eq. (6)",1.000000000000,9,1.088019e-13
HS,(F.3),"Hu & Sugiyama, Phys. Rev. D 51 (1995), 2599, Eq. (6)",1.000000000000,10,1.127987e-13
HS,(F.3),"Hu & Sugiyama, Phys. Rev. D 51 (1995), 2599, Eq. (6)",1.000000000000,11,1.154632e-13
HS,(F.3),"Hu & Sugiyama, Phys. Rev. D 51 (1995), 2599, Eq. (6)",1.000000000000,12,1.172396e-13
HS,(F.3),"Hu & Sugiyama, Phys. Rev. D 51 (1995), 2599, Eq. (6)",1.000000000000,13,1.216804e-13
HS,(F.3),"Hu & Sugiyama, Phys. Rev. D 51 (1995), 2599, Eq. (6)",1.000000000000,14,1.234568e-13
HS,(F.3),"Hu & Sugiyama, Phys. Rev. D 51 (1995), 2599, Eq. (6)",1.000000000000,15,1.230127e-13
HS,(F.3),"Hu & Sugiyama, Phys. Rev. D 51 (1995), 2599, Eq. (6)",1.000000000000,16,1.203482e-13
HS,(F.3),"Hu & Sugiyama, Phys. Rev. D 51 (1995), 2599, Eq. (6)",1.000000000000,17,1.008083e-13
HS,(F.3),"Hu & Sugiyama, Phys. Rev. D 51 (1995), 2599, Eq. (6)",1.000000000000,18,7.527312e-14
HS,(F.3),"Hu & Sugiyama, Phys. Rev. D 51 (1995), 2599, Eq. (6)",1.000000000000,19,4.996004e-14
HS,(F.3),"Hu & Sugiyama, Phys. Rev. D 51 (1995), 2599, Eq. (6)",1.000000000000,20,2.964295e-14
HS,(F.3),"Hu & Sugiyama, Phys. Rev. D 51 (1995), 2599, Eq. (6)",1.000000000000,21,1.654232e-14
HS,(F.3),"Hu & Sugiyama, Phys. Rev. D 51 (1995), 2599, Eq. (6)",1.000000000000,22,8.326673e-15
HS,(F.3),"Hu & Sugiyama, Phys. Rev. D 51 (1995), 2599, Eq. (6)",1.000000000000,23,3.844147e-15
HS,(F.3),"Hu & Sugiyama, Phys. Rev. D 51 (1995), 2599, Eq. (6)",1.000000000000,24,1.741662e-15
HS,(F.3),"Hu & Sugiyama, Phys. Rev. D 51 (1995), 2599, Eq. (6)",1.000000000000,25,7.355228e-16
MB,(F.4),"Ma & Bertschinger, Astrophys. J. 455 (1995), 7, Eqs. (49), (50)",1.000000000000,0,1.337819e-14
MB,(F.4),"Ma & Bertschinger, Astrophys. J. 455 (1995), 7, Eqs. (49), (50)",1.000000000000,1,1.321165e-14
MB,(F.4),"Ma & Bertschinger, Astrophys. J. 455 (1995), 7, Eqs. (49), (50)",1.000000000000,2,9.270362e-15
MB,(F.4),"Ma & Bertschinger, Astrophys. J. 455 (1995), 7, Eqs. (49), (50)",1.000000000000,3,7.382983e-15
MB,(F.4),"Ma & Bertschinger, Astrophys. J. 455 (1995), 7, Eqs. (49), (50)",1.000000000000,4,6.217249e-15
MB,(F.4),"Ma & Bertschinger, Astrophys. J. 455 (1995), 7, Eqs. (49), (50)",1.000000000000,5,5.495604e-15
MB,(F.4),"Ma & Bertschinger, Astrophys. J. 455 (1995), 7, Eqs. (49), (50)",1.000000000000,6,4.801715e-15
MB,(F.4),"Ma & Bertschinger, Astrophys. J. 455 (1995), 7, Eqs. (49), (50)",1.000000000000,7,4.246603e-15
MB,(F.4),"Ma & Bertschinger, Astrophys. J. 455 (1995), 7, Eqs. (49), (50)",1.000000000000,8,3.802514e-15
MB,(F.4),"Ma & Bertschinger, Astrophys. J. 455 (1995), 7, Eqs. (49), (50)",1.000000000000,9,3.497203e-15
MB,(F.4),"Ma & Bertschinger, Astrophys. J. 455 (1995), 7, Eqs. (49), (50)",1.000000000000,10,3.261280e-15
MB,(F.4),"Ma & Bertschinger, Astrophys. J. 455 (1995), 7, Eqs. (49), (50)",1.000000000000,11,3.094747e-15
MB,(F.4),"Ma & Bertschinger, Astrophys. J. 455 (1995), 7, Eqs. (49), (50)",1.000000000000,12,2.914335e-15
MB,(F.4),"Ma & Bertschinger, Astrophys. J. 455 (1995), 7, Eqs. (49), (50)",1.000000000000,13,2.747802e-15
MB,(F.4),"Ma & Bertschinger, Astrophys. J. 455 (1995), 7, Eqs. (49), (50)",1.000000000000,14,2.622902e-15
MB,(F.4),"Ma & Bertschinger, Astrophys. J. 455 (1995), 7, Eqs. (49), (50)",1.000000000000,15,2.400857e-15
MB,(F.4),"Ma & Bertschinger, Astrophys. J. 455 (1995), 7, Eqs. (49), (50)",1.000000000000,16,2.206568e-15
MB,(F.4),"Ma & Bertschinger, Astrophys. J. 455 (1995), 7, Eqs. (49), (50)",1.000000000000,17,1.804112e-15
MB,(F.4),"Ma & Bertschinger, Astrophys. J. 455 (1995), 7, Eqs. (49), (50)",1.000000000000,18,1.255940e-15
MB,(F.4),"Ma & Bertschinger, Astrophys. J. 455 (1995), 7, Eqs. (49), (50)",1.000000000000,19,7.840950e-16
MB,(F.4),"Ma & Bertschinger, Astrophys. J. 455 (1995), 7, Eqs. (49), (50)",1.000000000000,20,4.527628e-16
MB,(F.4),"Ma & Bertschinger, Astrophys. J. 455 (1995), 7, Eqs. (49), (50)",1.000000000000,21,2.324529e-16
MB,(F.4),"Ma & Bertschinger, Astrophys. J. 455 (1995), 7, Eqs. (49), (50)",1.000000000000,22,1.118897e-16
MB,(F.4),"Ma & Bertschinger, Astrophys. J. 455 (1995), 7, Eqs. (49), (50)",1.000000000000,23,5.009014e-17
MB,(F.4),"Ma & Bertschinger, Astrophys. J. 455 (1995), 7, Eqs. (49), (50)",1.000000000000,24,2.200930e-17
MB,(F.4),"Ma & Bertschinger, Astrophys. J. 455 (1995), 7, Eqs. (49), (50)",1.000000000000,25,8.998878e-18
SZ,(F.4),"Seljak & Zaldarriaga, Astrophys. J. 469 (1996), 437, Eq. (3d)",1.000000000000,0,1.337819e-14
SZ,(F.4),"Seljak & Zaldarriaga, Astrophys. J. 469 (1996), 437, Eq. (3d)",1.000000000000,1,1.321165e-14
SZ,(F.4),"Seljak & Zaldarriaga, Astrophys. J. 469 (1996), 437, Eq. (3d)",1.000000000000,2,9.270362e-15
SZ,(F.4),"Seljak & Zaldarriaga, Astrophys. J. 469 (1996), 437, Eq. (3d)",1.000000000000,3,7.382983e-15
SZ,(F.4),"Seljak & Zaldarriaga, Astrophys. J. 469 (1996), 437, Eq. (3d)",1.000000000000,4,6.217249e-15
SZ,(F.4),"Seljak & Zaldarriaga, Astrophys. J. 469 (1996), 437, Eq. (3d)",1.000000000000,5,5.495604e-15
SZ,(F.4),"Seljak & Zaldarriaga, Astrophys. J. 469 (1996), 437, Eq. (3d)",1.000000000000,6,4.801715e-15
SZ,(F.4),"Seljak & Zaldarriaga, Astrophys. J. 469 (1996), 437, Eq. (3d)",1.000000000000,7,4.246603e-15
SZ,(F.4),"Seljak & Zaldarriaga, Astrophys. J. 469 (1996), 437, Eq. (3d)",1.000000000000,8,3.802514e-15
SZ,(F.4),"Seljak & Zaldarriaga, Astrophys. J. 469 (1996), 437, Eq. (3d)",1.000000000000,9,3.497203e-15
SZ,(F.4),"Seljak & Zaldarriaga, Astrophys. J. 469 (1996), 437, Eq. (3d)",1.000000000000,10,3.261280e-15
SZ,(F.4),"Seljak & Zaldarriaga, Astrophys. J. 469 (1996), 437, Eq. (3d)",1.000000000000,11,3.094747e-15
SZ,(F.4),"Seljak & Zaldarriaga, Astrophys. J. 469 (1996), 437, Eq. (3d)",1.000000000000,12,2.914335e-15
SZ,(F.4),"Seljak & Zaldarriaga, Astrophys. J. 469 (1996), 437, Eq. (3d)",1.000000000000,13,2.747802e-15
SZ,(F.4),"Seljak & Zaldarriaga, Astrophys. J. 469 (1996), 437, Eq. (3d)",1.000000000000,14,2.622902e-15
SZ,(F.4),"Seljak & Zaldarriaga, Astrophys. J. 469 (1996), 437, Eq. (3d)",1.000000000000,15,2.400857e-15
SZ,(F.4),"Seljak & Zaldarriaga, Astrophys. J. 469 (1996), 437, Eq. (3d)",1.000000000000,16,2.206568e-15
SZ,(F.4),"Seljak & Zaldarriaga, Astrophys. J. 469 (1996), 437, Eq. (3d)",1.000000000000,17,1.804112e-15
SZ,(F.4),"Seljak & Zaldarriaga, Astrophys. J. 469 (1996), 437, Eq. (3d)",1.000000000000,18,1.255940e-15
SZ,(F.4),"Seljak & Zaldarriaga, Astrophys. J. 469 (1996), 437, Eq. (3d)",1.000000000000,19,7.840950e-16
SZ,(F.4),"Seljak & Zaldarriaga, Astrophys. J. 469 (1996), 437, Eq. (3d)",1.000000000000,20,4.527628e-16
SZ,(F.4),"Seljak & Zaldarriaga, Astrophys. J. 469 (1996), 437, Eq. (3d)",1.000000000000,21,2.324529e-16
SZ,(F.4),"Seljak & Zaldarriaga, Astrophys. J. 469 (1996), 437, Eq. (3d)",1.000000000000,22,1.118897e-16
SZ,(F.4),"Seljak & Zaldarriaga, Astrophys. J. 469 (1996), 437, Eq. (3d)",1.000000000000,23,5.009014e-17
SZ,(F.4),"Seljak & Zaldarriaga, Astrophys. J. 469 (1996), 437, Eq. (3d)",1.000000000000,24,2.200930e-17
SZ,(F.4),"Seljak & Zaldarriaga, Astrophys. J. 469 (1996), 437, Eq. (3d)",1.000000000000,25,8.998878e-18
