model,ell,C_ell_mode,C_ell_covariant,D_ell
standard CDM,2,1.01799686e+01,1.01799686e+01,9.72115398e+00
standard CDM,3,4.71790995e+00,4.71790995e+00,9.01054427e+00
standard CDM,4,2.69470645e+00,2.69470645e+00,8.57751704e+00
standard CDM,5,1.74067891e+00,1.74067891e+00,8.31112960e+00
standard CDM,6,1.21998137e+00,1.21998137e+00,8.15497475e+00
standard CDM,8,7.03002014e-01,7.03002014e-01,8.05580967e+00
standard CDM,10,4.64611199e-01,4.64611199e-01,8.13396858e+00
standard CDM,13,2.91549858e-01,2.91549858e-01,8.44509138e+00
standard CDM,16,2.05424625e-01,2.05424625e-01,8.89286172e+00
standard CDM,20,1.43806922e-01,1.43806922e-01,9.61278464e+00
standard CDM,25,1.02717333e-01,1.02717333e-01,1.06261813e+01
standard CDM,32,7.23411282e-02,7.23411282e-02,1.21582012e+01
standard CDM,40,5.36790504e-02,5.36790504e-02,1.40109894e+01
standard CDM,50,4.05526156e-02,4.05526156e-02,1.64580805e+01
standard CDM,63,3.09635372e-02,3.09635372e-02,1.98696960e+01
standard CDM,80,2.40157860e-02,2.40157860e-02,2.47680573e+01
standard CDM,100,1.92933106e-02,1.92933106e-02,3.10133200e+01
standard CDM,126,1.54014874e-02,1.54014874e-02,3.92244682e+01
standard CDM,159,1.19516612e-02,1.19516612e-02,4.83911018e+01
standard CDM,200,8.75006320e-03,8.75006320e-03,5.59831556e+01
standard CDM,252,5.71401342e-03,5.71401342e-03,5.79805658e+01
standard CDM,318,3.04175737e-03,3.04175737e-03,4.91091597e+01
standard CDM,400,1.27309147e-03,1.27309147e-03,3.25000555e+01
$\Lambda$CDM,2,1.14037933e+01,1.14037933e+01,1.08898204e+01
$\Lambda$CDM,3,5.63038501e+00,5.63038501e+00,1.07532433e+01
$\Lambda$CDM,4,3.43506591e+00,3.43506591e+00,1.09341544e+01
$\Lambda$CDM,5,2.36840948e+00,2.36840948e+00,1.13083223e+01
$\Lambda$CDM,6,1.76892378e+00,1.76892378e+00,1.18243845e+01
$\Lambda$CDM,8,1.14951942e+00,1.14951942e+00,1.31725223e+01
$\Lambda$CDM,10,8.47865080e-01,8.47865080e-01,1.48436110e+01
$\Lambda$CDM,13,6.15119563e-01,6.15119563e-01,1.78176761e+01
$\Lambda$CDM,16,4.90873884e-01,4.90873884e-01,2.12500014e+01
$\Lambda$CDM,20,3.95249790e-01,3.95249790e-01,2.64205023e+01
$\Lambda$CDM,25,3.25723133e-01,3.25723133e-01,3.36962903e+01
$\Lambda$CDM,32,2.68745057e-01,2.68745057e-01,4.51673421e+01
$\Lambda$CDM,40,2.29195453e-01,2.29195453e-01,5.98232463e+01
$\Lambda$CDM,50,1.97264831e-01,1.97264831e-01,8.00589660e+01
$\Lambda$CDM,63,1.69654120e-01,1.69654120e-01,1.08869209e+02
$\Lambda$CDM,80,1.44888937e-01,1.44888937e-01,1.49427442e+02
$\Lambda$CDM,100,1.23744375e-01,1.23744375e-01,1.98914742e+02
$\Lambda$CDM,126,1.02758046e-01,1.02758046e-01,2.61703924e+02
$\Lambda$CDM,159,8.19327264e-02,8.19327264e-02,3.31737559e+02
$\Lambda$CDM,200,6.16106604e-02,6.16106604e-02,3.94186774e+02
$\Lambda$CDM,252,4.18462827e-02,4.18462827e-02,4.24617685e+02
$\Lambda$CDM,318,2.41410025e-02,2.41410025e-02,3.89756382e+02
$\Lambda$CDM,400,1.10089918e-02,1.10089918e-02,2.81042528e+02
