# C(theta) summed over 2 <= l <= 20, the range F3 claims
model,theta_deg,c_theta
standard CDM,0.000000,1.260751239598e+01
standard CDM,0.250000,1.260340958450e+01
standard CDM,0.500000,1.259111505975e+01
standard CDM,0.750000,1.257067047734e+01
standard CDM,1.000000,1.254214501877e+01
standard CDM,1.250000,1.250563502622e+01
standard CDM,1.500000,1.246126349449e+01
standard CDM,1.750000,1.240917942306e+01
standard CDM,2.000000,1.234955703240e+01
standard CDM,2.250000,1.228259484929e+01
standard CDM,2.500000,1.220851466682e+01
standard CDM,2.750000,1.212756038530e+01
standard CDM,3.000000,1.203999674147e+01
standard CDM,3.250000,1.194610793344e+01
standard CDM,3.500000,1.184619615006e+01
standard CDM,3.750000,1.174058001350e+01
standard CDM,4.000000,1.162959294460e+01
standard CDM,4.250000,1.151358146083e+01
standard CDM,4.500000,1.139290341724e+01
standard CDM,4.750000,1.126792620097e+01
standard CDM,5.000000,1.113902489011e+01
standard CDM,5.250000,1.100658038803e+01
standard CDM,5.500000,1.087097754423e+01
standard CDM,5.750000,1.073260327283e+01
standard CDM,6.000000,1.059184467990e+01
standard CDM,6.250000,1.044908721046e+01
standard CDM,6.500000,1.030471282607e+01
standard CDM,6.750000,1.015909822347e+01
standard CDM,7.000000,1.001261310446e+01
standard CDM,7.250000,9.865618506926e+00
standard CDM,7.500000,9.718465206217e+00
standard CDM,7.750000,9.571492195908e+00
standard CDM,8.000000,9.425025256079e+00
standard CDM,8.250000,9.279375616862e+00
standard CDM,8.500000,9.134838724229e+00
standard CDM,8.750000,8.991693114335e+00
standard CDM,9.000000,8.850199401958e+00
standard CDM,9.250000,8.710599387834e+00
standard CDM,9.500000,8.573115288861e+00
standard CDM,9.750000,8.437949094342e+00
standard CDM,10.000000,8.305282050593e+00
standard CDM,10.250000,8.175274275400e+00
standard CDM,10.500000,8.048064502963e+00
standard CDM,10.750000,7.923769959114e+00
standard CDM,11.000000,7.802486365769e+00
standard CDM,11.250000,7.684288072734e+00
standard CDM,11.500000,7.569228314202e+00
standard CDM,11.750000,7.457339586473e+00
standard CDM,12.000000,7.348634142707e+00
standard CDM,12.250000,7.243104599776e+00
standard CDM,12.500000,7.140724651632e+00
standard CDM,12.750000,7.041449882962e+00
standard CDM,13.000000,6.945218676305e+00
standard CDM,13.250000,6.851953205311e+00
standard CDM,13.500000,6.761560506302e+00
standard CDM,13.750000,6.673933619898e+00
standard CDM,14.000000,6.588952794117e+00
standard CDM,14.250000,6.506486740031e+00
standard CDM,14.500000,6.426393930860e+00
standard CDM,14.750000,6.348523935202e+00
standard CDM,15.000000,6.272718774977e+00
standard CDM,15.250000,6.198814298660e+00
standard CDM,15.500000,6.126641560377e+00
standard CDM,15.750000,6.056028195534e+00
standard CDM,16.000000,5.986799783827e+00
standard CDM,16.250000,5.918781190657e+00
standard CDM,16.500000,5.851797878300e+00
standard CDM,16.750000,5.785677178471e+00
standard CDM,17.000000,5.720249518344e+00
standard CDM,17.250000,5.655349592504e+00
standard CDM,17.500000,5.590817473817e+00
standard CDM,17.750000,5.526499656718e+00
standard CDM,18.000000,5.462250026995e+00
standard CDM,18.250000,5.397930752745e+00
standard CDM,18.500000,5.333413091838e+00
standard CDM,18.750000,5.268578111843e+00
standard CDM,19.000000,5.203317319100e+00
standard CDM,19.250000,5.137533194286e+00
standard CDM,19.500000,5.071139632545e+00
standard CDM,19.750000,5.004062286959e+00
standard CDM,20.000000,4.936238814857e+00
standard CDM,20.250000,4.867619027167e+00
standard CDM,20.500000,4.798164941693e+00
standard CDM,20.750000,4.727850741922e+00
standard CDM,21.000000,4.656662643577e+00
standard CDM,21.250000,4.584598671814e+00
standard CDM,21.500000,4.511668352553e+00
standard CDM,21.750000,4.437892321984e+00
standard CDM,22.000000,4.363301858880e+00
standard CDM,22.250000,4.287938344784e+00
standard CDM,22.500000,4.211852657652e+00
standard CDM,22.750000,4.135104504885e+00
standard CDM,23.000000,4.057761702075e+00
standard CDM,23.250000,3.979899404091e+00
standard CDM,23.500000,3.901599295367e+00
standard CDM,23.750000,3.822948746467e+00
standard CDM,24.000000,3.744039944146e+00
standard CDM,24.250000,3.664969002189e+00
standard CDM,24.500000,3.585835060382e+00
standard CDM,24.750000,3.506739378894e+00
standard CDM,25.000000,3.427784435309e+00
standard CDM,25.250000,3.349073031396e+00
standard CDM,25.500000,3.270707416511e+00
standard CDM,25.750000,3.192788434310e+00
standard CDM,26.000000,3.115414699143e+00
standard CDM,26.250000,3.038681808198e+00
standard CDM,26.500000,2.962681595054e+00
standard CDM,26.750000,2.887501429929e+00
standard CDM,27.000000,2.813223571444e+00
standard CDM,27.250000,2.739924574240e+00
standard CDM,27.500000,2.667674756289e+00
standard CDM,27.750000,2.596537729214e+00
standard CDM,28.000000,2.526569994369e+00
standard CDM,28.250000,2.457820606877e+00
standard CDM,28.500000,2.390330909252e+00
standard CDM,28.750000,2.324134335636e+00
standard CDM,29.000000,2.259256287119e+00
standard CDM,29.250000,2.195714078019e+00
standard CDM,29.500000,2.133516952434e+00
standard CDM,29.750000,2.072666169810e+00
standard CDM,30.000000,2.013155157747e+00
standard CDM,30.250000,1.954969729718e+00
standard CDM,30.500000,1.898088364895e+00
standard CDM,30.750000,1.842482546800e+00
standard CDM,31.000000,1.788117157065e+00
standard CDM,31.250000,1.734950920165e+00
standard CDM,31.500000,1.682936894652e+00
standard CDM,31.750000,1.632023006052e+00
standard CDM,32.000000,1.582152616340e+00
standard CDM,32.250000,1.533265124635e+00
standard CDM,32.500000,1.485296593589e+00
standard CDM,32.750000,1.438180395768e+00
standard CDM,33.000000,1.391847874257e+00
standard CDM,33.250000,1.346229011622e+00
standard CDM,33.500000,1.301253101405e+00
standard CDM,33.750000,1.256849416327e+00
standard CDM,34.000000,1.212947867503e+00
standard CDM,34.250000,1.169479649066e+00
standard CDM,34.500000,1.126377862817e+00
standard CDM,34.750000,1.083578117704e+00
standard CDM,35.000000,1.041019099220e+00
standard CDM,35.250000,9.986431041003e-01
standard CDM,35.500000,9.563965360293e-01
standard CDM,35.750000,9.142303584470e-01
standard CDM,36.000000,8.721005009300e-01
standard CDM,36.250000,8.299682160522e-01
standard CDM,36.500000,7.878003840739e-01
standard CDM,36.750000,7.455697632667e-01
standard CDM,37.000000,7.032551841648e-01
standard CDM,37.250000,6.608416865197e-01
standard CDM,37.500000,6.183205982277e-01
standard CDM,37.750000,5.756895560020e-01
standard CDM,38.000000,5.329524680532e-01
standard CDM,38.250000,4.901194195333e-01
standard CDM,38.500000,4.472065219824e-01
standard CDM,38.750000,4.042357084800e-01
standard CDM,39.000000,3.612344766574e-01
standard CDM,39.250000,3.182355821568e-01
standard CDM,39.500000,2.752766855282e-01
standard CDM,39.750000,2.323999559342e-01
standard CDM,40.000000,1.896516353831e-01
standard CDM,40.250000,1.470815675247e-01
standard CDM,40.500000,1.047426953259e-01
standard CDM,40.750000,6.269053218515e-02
standard CDM,41.000000,2.098261125095e-02
standard CDM,41.250000,-2.032208212878e-02
standard CDM,41.500000,-6.116368977527e-02
standard CDM,41.750000,-1.014820667368e-01
standard CDM,42.000000,-1.412173688699e-01
standard CDM,42.250000,-1.803106367849e-01
standard CDM,42.500000,-2.187043710467e-01
standard CDM,42.750000,-2.563430936143e-01
standard CDM,43.000000,-2.931738906352e-01
standard CDM,43.250000,-3.291469318850e-01
standard CDM,43.500000,-3.642159623568e-01
standard CDM,43.750000,-3.983387617509e-01
standard CDM,44.000000,-4.314775679025e-01
standard CDM,44.250000,-4.635994604998e-01
standard CDM,44.500000,-4.946767017895e-01
standard CDM,44.750000,-5.246870313421e-01
standard CDM,45.000000,-5.536139123418e-01
standard CDM,45.250000,-5.814467272824e-01
standard CDM,45.500000,-6.081809213869e-01
standard CDM,45.750000,-6.338180925072e-01
standard CDM,46.000000,-6.583660267231e-01
standard CDM,46.250000,-6.818386793154e-01
standard CDM,46.500000,-7.042561012522e-01
standard CDM,46.750000,-7.256443117908e-01
standard CDM,47.000000,-7.460351182491e-01
standard CDM,47.250000,-7.654658844494e-01
standard CDM,47.500000,-7.839792497688e-01
standard CDM,47.750000,-8.016228011489e-01
standard CDM,48.000000,-8.184487008112e-01
standard CDM,48.250000,-8.345132728012e-01
standard CDM,48.500000,-8.498765518305e-01
standard CDM,48.750000,-8.646017982032e-01
standard CDM,49.000000,-8.787549829033e-01
standard CDM,49.250000,-8.924042471695e-01
standard CDM,49.500000,-9.056193411047e-01
standard CDM,49.750000,-9.184710460433e-01
standard CDM,50.000000,-9.310305855452e-01
standard CDM,50.250000,-9.433690299804e-01
standard CDM,50.500000,-9.555566997337e-01
standard CDM,50.750000,-9.676625720724e-01
standard CDM,51.000000,-9.797536966994e-01
standard CDM,51.250000,-9.918946249489e-01
standard CDM,51.500000,-1.004146857477e+00
standard CDM,51.750000,-1.016568315150e+00
standard CDM,52.000000,-1.029212837662e+00
standard CDM,52.250000,-1.042129714168e+00
standard CDM,52.500000,-1.055363249991e+00
standard CDM,52.750000,-1.068952373147e+00
standard CDM,53.000000,-1.082930284129e+00
standard CDM,53.250000,-1.097324152016e+00
standard CDM,53.500000,-1.112154859640e+00
standard CDM,53.750000,-1.127436800094e+00
standard CDM,54.000000,-1.143177726487e+00
standard CDM,54.250000,-1.159378656401e+00
standard CDM,54.500000,-1.176033832063e+00
standard CDM,54.750000,-1.193130736782e+00
standard CDM,55.000000,-1.210650167756e+00
standard CDM,55.250000,-1.228566364881e+00
standard CDM,55.500000,-1.246847194730e+00
standard CDM,55.750000,-1.265454388432e+00
standard CDM,56.000000,-1.284343831728e+00
standard CDM,56.250000,-1.303465905035e+00
standard CDM,56.500000,-1.322765870968e+00
standard CDM,56.750000,-1.342184306345e+00
standard CDM,57.000000,-1.361657575335e+00
standard CDM,57.250000,-1.381118340083e+00
standard CDM,57.500000,-1.400496104802e+00
standard CDM,57.750000,-1.419717789054e+00
standard CDM,58.000000,-1.438708325691e+00
standard CDM,58.250000,-1.457391278700e+00
standard CDM,58.500000,-1.475689476039e+00
standard CDM,58.750000,-1.493525652392e+00
standard CDM,59.000000,-1.510823096681e+00
standard CDM,59.250000,-1.527506299132e+00
standard CDM,59.500000,-1.543501592653e+00
standard CDM,59.750000,-1.558737783318e+00
standard CDM,60.000000,-1.573146764835e+00
standard CDM,60.250000,-1.586664111965e+00
standard CDM,60.500000,-1.599229648025e+00
standard CDM,60.750000,-1.610787981784e+00
standard CDM,61.000000,-1.621289009317e+00
standard CDM,61.250000,-1.630688376606e+00
standard CDM,61.500000,-1.638947899021e+00
standard CDM,61.750000,-1.646035934102e+00
standard CDM,62.000000,-1.651927704456e+00
standard CDM,62.250000,-1.656605567961e+00
standard CDM,62.500000,-1.660059232859e+00
standard CDM,62.750000,-1.662285915782e+00
standard CDM,63.000000,-1.663290441182e+00
standard CDM,63.250000,-1.663085281102e+00
standard CDM,63.500000,-1.661690534695e+00
standard CDM,63.750000,-1.659133847380e+00
standard CDM,64.000000,-1.655450269989e+00
standard CDM,64.250000,-1.650682058765e+00
standard CDM,64.500000,-1.644878417498e+00
standard CDM,64.750000,-1.638095183605e+00
standard CDM,65.000000,-1.630394460355e+00
standard CDM,65.250000,-1.621844197928e+00
standard CDM,65.500000,-1.612517726362e+00
standard CDM,65.750000,-1.602493243874e+00
standard CDM,66.000000,-1.591853264381e+00
standard CDM,66.250000,-1.580684028393e+00
standard CDM,66.500000,-1.569074881769e+00
standard CDM,66.750000,-1.557117627050e+00
standard CDM,67.000000,-1.544905852394e+00
standard CDM,67.250000,-1.532534243249e+00
standard CDM,67.500000,-1.520097882118e+00
standard CDM,67.750000,-1.507691541857e+00
standard CDM,68.000000,-1.495408978021e+00
standard CDM,68.250000,-1.483342225805e+00
standard CDM,68.500000,-1.471580907108e+00
standard CDM,68.750000,-1.460211553198e+00
standard CDM,69.000000,-1.449316948336e+00
standard CDM,69.250000,-1.438975499608e+00
standard CDM,69.500000,-1.429260637981e+00
standard CDM,69.750000,-1.420240255413e+00
standard CDM,70.000000,-1.411976182568e+00
standard CDM,70.250000,-1.404523711391e+00
standard CDM,70.500000,-1.397931166446e+00
standard CDM,70.750000,-1.392239528585e+00
standard CDM,71.000000,-1.387482114097e+00
standard CDM,71.250000,-1.383684312072e+00
standard CDM,71.500000,-1.380863382268e+00
standard CDM,71.750000,-1.379028315320e+00
standard CDM,72.000000,-1.378179756625e+00
standard CDM,72.250000,-1.378309994777e+00
standard CDM,72.500000,-1.379403014896e+00
standard CDM,72.750000,-1.381434616722e+00
standard CDM,73.000000,-1.384372596800e+00
standard CDM,73.250000,-1.388176993640e+00
standard CDM,73.500000,-1.392800394170e+00
standard CDM,73.750000,-1.398188299386e+00
standard CDM,74.000000,-1.404279546577e+00
standard CDM,74.250000,-1.411006785102e+00
standard CDM,74.500000,-1.418297002233e+00
standard CDM,74.750000,-1.426072095190e+00
standard CDM,75.000000,-1.434249485123e+00
standard CDM,75.250000,-1.442742768454e+00
standard CDM,75.500000,-1.451462400669e+00
standard CDM,75.750000,-1.460316407404e+00
standard CDM,76.000000,-1.469211117413e+00
standard CDM,76.250000,-1.478051911833e+00
standard CDM,76.500000,-1.486743984002e+00
standard CDM,76.750000,-1.495193103982e+00
standard CDM,77.000000,-1.503306381880e+00
standard CDM,77.250000,-1.510993024053e+00
standard CDM,77.500000,-1.518165076295e+00
standard CDM,77.750000,-1.524738148190e+00
standard CDM,78.000000,-1.530632112949e+00
standard CDM,78.250000,-1.535771777184e+00
standard CDM,78.500000,-1.540087515305e+00
standard CDM,78.750000,-1.543515863466e+00
standard CDM,79.000000,-1.546000068272e+00
standard CDM,79.250000,-1.547490585790e+00
standard CDM,79.500000,-1.547945526772e+00
standard CDM,79.750000,-1.547331044384e+00
standard CDM,80.000000,-1.545621661162e+00
standard CDM,80.250000,-1.542800532377e+00
standard CDM,80.500000,-1.538859643447e+00
standard CDM,80.750000,-1.533799939541e+00
standard CDM,81.000000,-1.527631386025e+00
standard CDM,81.250000,-1.520372958925e+00
standard CDM,81.500000,-1.512052565100e+00
standard CDM,81.750000,-1.502706892365e+00
standard CDM,82.000000,-1.492381190338e+00
standard CDM,82.250000,-1.481128983303e+00
standard CDM,82.500000,-1.469011716903e+00
standard CDM,82.750000,-1.456098341015e+00
standard CDM,83.000000,-1.442464831611e+00
standard CDM,83.250000,-1.428193654909e+00
standard CDM,83.500000,-1.413373177572e+00
standard CDM,83.750000,-1.398097027118e+00
standard CDM,84.000000,-1.382463407121e+00
standard CDM,84.250000,-1.366574372117e+00
standard CDM,84.500000,-1.350535067483e+00
standard CDM,84.750000,-1.334452939829e+00
standard CDM,85.000000,-1.318436923675e+00
standard CDM,85.250000,-1.302596610429e+00
standard CDM,85.500000,-1.287041405782e+00
standard CDM,85.750000,-1.271879681819e+00
standard CDM,86.000000,-1.257217930140e+00
standard CDM,86.250000,-1.243159922360e+00
standard CDM,86.500000,-1.229805884309e+00
standard CDM,86.750000,-1.217251690155e+00
standard CDM,87.000000,-1.205588082598e+00
standard CDM,87.250000,-1.194899925071e+00
standard CDM,87.500000,-1.185265491696e+00
standard CDM,87.750000,-1.176755800470e+00
standard CDM,88.000000,-1.169433994872e+00
standard CDM,88.250000,-1.163354778738e+00
standard CDM,88.500000,-1.158563908865e+00
standard CDM,88.750000,-1.155097749412e+00
standard CDM,89.000000,-1.152982891726e+00
standard CDM,89.250000,-1.152235842730e+00
standard CDM,89.500000,-1.152862784537e+00
standard CDM,89.750000,-1.154859407438e+00
standard CDM,90.000000,-1.158210817875e+00
standard CDM,90.250000,-1.162891522460e+00
standard CDM,90.500000,-1.168865488556e+00
standard CDM,90.750000,-1.176086281374e+00
standard CDM,91.000000,-1.184497276987e+00
standard CDM,91.250000,-1.194031950070e+00
standard CDM,91.500000,-1.204614234691e+00
standard CDM,91.750000,-1.216158955862e+00
standard CDM,92.000000,-1.228572329102e+00
standard CDM,92.250000,-1.241752524713e+00
standard CDM,92.500000,-1.255590293027e+00
standard CDM,92.750000,-1.269969646386e+00
standard CDM,93.000000,-1.284768593244e+00
standard CDM,93.250000,-1.299859919340e+00
standard CDM,93.500000,-1.315112010564e+00
standard CDM,93.750000,-1.330389711829e+00
standard CDM,94.000000,-1.345555215953e+00
standard CDM,94.250000,-1.360468976366e+00
standard CDM,94.500000,-1.374990637240e+00
standard CDM,94.750000,-1.388979974511e+00
standard CDM,95.000000,-1.402297841176e+00
standard CDM,95.250000,-1.414807110190e+00
standard CDM,95.500000,-1.426373608298e+00
standard CDM,95.750000,-1.436867034208e+00
standard CDM,96.000000,-1.446161854571e+00
standard CDM,96.250000,-1.454138171428e+00
standard CDM,96.500000,-1.460682554944e+00
standard CDM,96.750000,-1.465688835517e+00
standard CDM,97.000000,-1.469058849601e+00
standard CDM,97.250000,-1.470703133945e+00
standard CDM,97.500000,-1.470541563271e+00
standard CDM,97.750000,-1.468503926847e+00
standard CDM,98.000000,-1.464530439833e+00
standard CDM,98.250000,-1.458572185719e+00
standard CDM,98.500000,-1.450591486700e+00
standard CDM,98.750000,-1.440562199310e+00
standard CDM,99.000000,-1.428469933187e+00
standard CDM,99.250000,-1.414312191389e+00
standard CDM,99.500000,-1.398098431211e+00
standard CDM,99.750000,-1.379850045054e+00
standard CDM,100.000000,-1.359600261446e+00
standard CDM,100.250000,-1.337393966862e+00
standard CDM,100.500000,-1.313287449592e+00
standard CDM,100.750000,-1.287348067427e+00
standard CDM,101.000000,-1.259653841468e+00
standard CDM,101.250000,-1.230292978908e+00
standard CDM,101.500000,-1.199363328111e+00
standard CDM,101.750000,-1.166971769802e+00
standard CDM,102.000000,-1.133233548617e+00
standard CDM,102.250000,-1.098271549686e+00
standard CDM,102.500000,-1.062215525288e+00
standard CDM,102.750000,-1.025201276984e+00
standard CDM,103.000000,-9.873697988990e-01
standard CDM,103.250000,-9.488663881346e-01
standard CDM,103.500000,-9.098397284563e-01
standard CDM,103.750000,-8.704409536198e-01
standard CDM,104.000000,-8.308226967965e-01
standard CDM,104.250000,-7.911381326505e-01
standard CDM,104.500000,-7.515400186458e-01
standard CDM,104.750000,-7.121797421488e-01
standard CDM,105.000000,-6.732063798259e-01
standard CDM,105.250000,-6.347657757250e-01
standard CDM,105.500000,-5.969996442749e-01
standard CDM,105.750000,-5.600447042342e-01
standard CDM,106.000000,-5.240318493776e-01
standard CDM,106.250000,-4.890853614227e-01
standard CDM,106.500000,-4.553221703760e-01
standard CDM,106.750000,-4.228511671181e-01
standard CDM,107.000000,-3.917725726530e-01
standard CDM,107.250000,-3.621773680224e-01
standard CDM,107.500000,-3.341467884379e-01
standard CDM,107.750000,-3.077518847035e-01
standard CDM,108.000000,-2.830531545118e-01
standard CDM,108.250000,-2.601002456813e-01
standard CDM,108.500000,-2.389317328819e-01
standard CDM,108.750000,-2.195749688593e-01
standard CDM,109.000000,-2.020460106372e-01
standard CDM,109.250000,-1.863496206335e-01
standard CDM,109.500000,-1.724793420957e-01
standard CDM,109.750000,-1.604176477342e-01
standard CDM,110.000000,-1.501361599142e-01
standard CDM,110.250000,-1.415959402705e-01
standard CDM,110.500000,-1.347478461245e-01
standard CDM,110.750000,-1.295329506268e-01
standard CDM,111.000000,-1.258830231124e-01
standard CDM,111.250000,-1.237210657536e-01
standard CDM,111.500000,-1.229619022202e-01
standard CDM,111.750000,-1.235128137202e-01
standard CDM,112.000000,-1.252742174901e-01
standard CDM,112.250000,-1.281403825418e-01
standard CDM,112.500000,-1.320001772502e-01
standard CDM,112.750000,-1.367378431847e-01
standard CDM,113.000000,-1.422337894491e-01
standard CDM,113.250000,-1.483654017029e-01
standard CDM,113.500000,-1.550078599850e-01
standard CDM,113.750000,-1.620349594585e-01
standard CDM,114.000000,-1.693199282317e-01
standard CDM,114.250000,-1.767362364966e-01
standard CDM,114.500000,-1.841583913489e-01
standard CDM,114.750000,-1.914627118247e-01
standard CDM,115.000000,-1.985280788916e-01
standard CDM,115.250000,-2.052366553833e-01
standard CDM,115.500000,-2.114745711433e-01
standard CDM,115.750000,-2.171325689619e-01
standard CDM,116.000000,-2.221066072362e-01
standard CDM,116.250000,-2.262984156576e-01
standard CDM,116.500000,-2.296160006293e-01
standard CDM,116.750000,-2.319740975403e-01
standard CDM,117.000000,-2.332945674606e-01
standard CDM,117.250000,-2.335067362759e-01
standard CDM,117.500000,-2.325476747490e-01
standard CDM,117.750000,-2.303624184636e-01
standard CDM,118.000000,-2.269041270885e-01
standard CDM,118.250000,-2.221341828721e-01
standard CDM,118.500000,-2.160222287526e-01
standard CDM,118.750000,-2.085461469351e-01
standard CDM,119.000000,-1.996919792388e-01
standard CDM,119.250000,-1.894537909587e-01
standard CDM,119.500000,-1.778334804082e-01
standard CDM,119.750000,-1.648405367056e-01
standard CDM,120.000000,-1.504917487485e-01
standard CDM,120.250000,-1.348108686632e-01
standard CDM,120.500000,-1.178282333380e-01
standard CDM,120.750000,-9.958034793557e-02
standard CDM,121.000000,-8.010943552860e-02
standard CDM,121.250000,-5.946295722318e-02
standard CDM,121.500000,-3.769310730855e-02
standard CDM,121.750000,-1.485628811374e-02
standard CDM,122.000000,8.987430650208e-03
standard CDM,122.250000,3.377486322404e-02
standard CDM,122.500000,5.944026495326e-02
standard CDM,122.750000,8.591589042543e-02
standard CDM,123.000000,1.131325478190e-01
standard CDM,123.250000,1.410201447922e-01
standard CDM,123.500000,1.695082213804e-01
standard CDM,123.750000,1.985264655465e-01
standard CDM,124.000000,2.280052072422e-01
standard CDM,124.250000,2.578758870817e-01
standard CDM,124.500000,2.880714960070e-01
standard CDM,124.750000,3.185269826286e-01
standard CDM,125.000000,3.491796252572e-01
standard CDM,125.250000,3.799693659964e-01
standard CDM,125.500000,4.108391046394e-01
standard CDM,125.750000,4.417349505065e-01
standard CDM,126.000000,4.726064307629e-01
standard CDM,126.250000,5.034066541725e-01
standard CDM,126.500000,5.340924296631e-01
standard CDM,126.750000,5.646243395056e-01
standard CDM,127.000000,5.949667673298e-01
standard CDM,127.250000,6.250878816212e-01
standard CDM,127.500000,6.549595757537e-01
standard CDM,127.750000,6.845573660144e-01
standard CDM,128.000000,7.138602494593e-01
standard CDM,128.250000,7.428505238105e-01
standard CDM,128.500000,7.715135719477e-01
standard CDM,128.750000,7.998376138727e-01
standard CDM,129.000000,8.278134293190e-01
standard CDM,129.250000,8.554340544469e-01
standard CDM,129.500000,8.826944562975e-01
standard CDM,129.750000,9.095911888839e-01
standard CDM,130.000000,9.361220349597e-01
standard CDM,130.250000,9.622856376394e-01
standard CDM,130.500000,9.880811261330e-01
standard CDM,130.750000,1.013507739914e+00
standard CDM,131.000000,1.038564455653e+00
standard CDM,131.250000,1.063249621220e+00
standard CDM,131.500000,1.087560601004e+00
standard CDM,131.750000,1.111493436688e+00
standard CDM,132.000000,1.135042527475e+00
standard CDM,132.250000,1.158200333595e+00
standard CDM,132.500000,1.180957106701e+00
standard CDM,132.750000,1.203300650512e+00
standard CDM,133.000000,1.225216114805e+00
standard CDM,133.250000,1.246685825521e+00
standard CDM,133.500000,1.267689153445e+00
standard CDM,133.750000,1.288202423542e+00
standard CDM,134.000000,1.308198866676e+00
standard CDM,134.250000,1.327648615010e+00
standard CDM,134.500000,1.346518742013e+00
standard CDM,134.750000,1.364773347544e+00
standard CDM,135.000000,1.382373688091e+00
standard CDM,135.250000,1.399278351770e+00
standard CDM,135.500000,1.415443477291e+00
standard CDM,135.750000,1.430823015651e+00
standard CDM,136.000000,1.445369032893e+00
standard CDM,136.250000,1.459032051878e+00
standard CDM,136.500000,1.471761430585e+00
standard CDM,136.750000,1.483505774112e+00
standard CDM,137.000000,1.494213377175e+00
standard CDM,137.250000,1.503832693577e+00
standard CDM,137.500000,1.512312828795e+00
standard CDM,137.750000,1.519604051595e+00
standard CDM,138.000000,1.525658320308e+00
standard CDM,138.250000,1.530429819204e+00
standard CDM,138.500000,1.533875500247e+00
standard CDM,138.750000,1.535955625352e+00
standard CDM,139.000000,1.536634304207e+00
standard CDM,139.250000,1.535880022645e+00
standard CDM,139.500000,1.533666156568e+00
standard CDM,139.750000,1.529971466437e+00
standard CDM,140.000000,1.524780567450e+00
standard CDM,140.250000,1.518084370606e+00
standard CDM,140.500000,1.509880490071e+00
standard CDM,140.750000,1.500173612409e+00
standard CDM,141.000000,1.488975823533e+00
standard CDM,141.250000,1.476306889471e+00
standard CDM,141.500000,1.462194487385e+00
standard CDM,141.750000,1.446674383628e+00
standard CDM,142.000000,1.429790555983e+00
standard CDM,142.250000,1.411595257681e+00
standard CDM,142.500000,1.392149021183e+00
standard CDM,142.750000,1.371520600202e+00
standard CDM,143.000000,1.349786848914e+00
standard CDM,143.250000,1.327032537772e+00
standard CDM,143.500000,1.303350105877e+00
standard CDM,143.750000,1.278839350348e+00
standard CDM,144.000000,1.253607053642e+00
standard CDM,144.250000,1.227766550311e+00
standard CDM,144.500000,1.201437235158e+00
standard CDM,144.750000,1.174744015289e+00
standard CDM,145.000000,1.147816709012e+00
standard CDM,145.250000,1.120789395016e+00
standard CDM,145.500000,1.093799715720e+00
standard CDM,145.750000,1.066988139081e+00
standard CDM,146.000000,1.040497183576e+00
standard CDM,146.250000,1.014470611398e+00
standard CDM,146.500000,9.890525952696e-01
standard CDM,146.750000,9.643868645552e-01
standard CDM,147.000000,9.406158365844e-01
standard CDM,147.250000,9.178797393402e-01
standard CDM,147.500000,8.963157317997e-01
standard CDM,147.750000,8.760570283456e-01
standard CDM,148.000000,8.572320337267e-01
standard CDM,148.250000,8.399634950698e-01
standard CDM,148.500000,8.243676774091e-01
standard CDM,148.750000,8.105535691214e-01
standard CDM,149.000000,7.986221235242e-01
standard CDM,149.250000,7.886655427110e-01
standard CDM,149.500000,7.807666094720e-01
standard CDM,149.750000,7.749980728715e-01
standard CDM,150.000000,7.714220927312e-01
standard CDM,150.250000,7.700897479032e-01
standard CDM,150.500000,7.710406128125e-01
standard CDM,150.750000,7.743024063001e-01
standard CDM,151.000000,7.798907163199e-01
standard CDM,151.250000,7.878088035291e-01
standard CDM,151.500000,7.980474862697e-01
standard CDM,151.750000,8.105851088727e-01
standard CDM,152.000000,8.253875946291e-01
standard CDM,152.250000,8.424085841672e-01
standard CDM,152.500000,8.615896593605e-01
standard CDM,152.750000,8.828606522645e-01
standard CDM,153.000000,9.061400379559e-01
standard CDM,153.250000,9.313354095186e-01
standard CDM,153.500000,9.583440328044e-01
standard CDM,153.750000,9.870534779853e-01
standard CDM,154.000000,1.017342324321e+00
standard CDM,154.250000,1.049080933996e+00
standard CDM,154.500000,1.082132290321e+00
standard CDM,154.750000,1.116352895086e+00
standard CDM,155.000000,1.151593719368e+00
standard CDM,155.250000,1.187701201612e+00
standard CDM,155.500000,1.224518286456e+00
standard CDM,155.750000,1.261885497330e+00
standard CDM,156.000000,1.299642035618e+00
standard CDM,156.250000,1.337626898823e+00
standard CDM,156.500000,1.375680010036e+00
standard CDM,156.750000,1.413643350772e+00
standard CDM,157.000000,1.451362089200e+00
standard CDM,157.250000,1.488685695675e+00
standard CDM,157.500000,1.525469037553e+00
standard CDM,157.750000,1.561573445278e+00
standard CDM,158.000000,1.596867741892e+00
standard CDM,158.250000,1.631229228293e+00
standard CDM,158.500000,1.664544616797e+00
standard CDM,158.750000,1.696710905847e+00
standard CDM,159.000000,1.727636189104e+00
standard CDM,159.250000,1.757240392492e+00
standard CDM,159.500000,1.785455933273e+00
standard CDM,159.750000,1.812228295700e+00
standard CDM,160.000000,1.837516518339e+00
standard CDM,160.250000,1.861293588734e+00
standard CDM,160.500000,1.883546741706e+00
standard CDM,160.750000,1.904277658220e+00
standard CDM,161.000000,1.923502562434e+00
standard CDM,161.250000,1.941252215243e+00
standard CDM,161.500000,1.957571803328e+00
standard CDM,161.750000,1.972520723484e+00
standard CDM,162.000000,1.986172262705e+00
standard CDM,162.250000,1.998613175243e+00
standard CDM,162.500000,2.009943158625e+00
standard CDM,162.750000,2.020274231297e+00
standard CDM,163.000000,2.029730015311e+00
standard CDM,163.250000,2.038444928147e+00
standard CDM,163.500000,2.046563288438e+00
standard CDM,163.750000,2.054238341013e+00
standard CDM,164.000000,2.061631207282e+00
standard CDM,164.250000,2.068909767551e+00
standard CDM,164.500000,2.076247482389e+00
standard CDM,164.750000,2.083822160659e+00
standard CDM,165.000000,2.091814682240e+00
standard CDM,165.250000,2.100407683868e+00
standard CDM,165.500000,2.109784216834e+00
standard CDM,165.750000,2.120126385539e+00
standard CDM,166.000000,2.131613976119e+00
standard CDM,166.250000,2.144423084488e+00
standard CDM,166.500000,2.158724753221e+00
standard CDM,166.750000,2.174683626716e+00
standard CDM,167.000000,2.192456634002e+00
standard CDM,167.250000,2.212191708468e+00
standard CDM,167.500000,2.234026553569e+00
standard CDM,167.750000,2.258087463345e+00
standard CDM,168.000000,2.284488206253e+00
standard CDM,168.250000,2.313328980443e+00
standard CDM,168.500000,2.344695448200e+00
standard CDM,168.750000,2.378657856742e+00
standard CDM,169.000000,2.415270252066e+00
standard CDM,169.250000,2.454569791913e+00
standard CDM,169.500000,2.496576163315e+00
standard CDM,169.750000,2.541291109482e+00
standard CDM,170.000000,2.588698070090e+00
standard CDM,170.250000,2.638761938300e+00
standard CDM,170.500000,2.691428937032e+00
standard CDM,170.750000,2.746626616261e+00
standard CDM,171.000000,2.804263972273e+00
standard CDM,171.250000,2.864231689005e+00
standard CDM,171.500000,2.926402500778e+00
standard CDM,171.750000,2.990631674901e+00
standard CDM,172.000000,3.056757611805e+00
standard CDM,172.250000,3.124602559579e+00
standard CDM,172.500000,3.193973438985e+00
standard CDM,172.750000,3.264662774261e+00
standard CDM,173.000000,3.336449724309e+00
standard CDM,173.250000,3.409101208142e+00
standard CDM,173.500000,3.482373117833e+00
standard CDM,173.750000,3.556011611559e+00
standard CDM,174.000000,3.629754478810e+00
standard CDM,174.250000,3.703332569276e+00
standard CDM,174.500000,3.776471276483e+00
standard CDM,174.750000,3.848892066871e+00
standard CDM,175.000000,3.920314044623e+00
standard CDM,175.250000,3.990455542327e+00
standard CDM,175.500000,4.059035727312e+00
standard CDM,175.750000,4.125776213389e+00
standard CDM,176.000000,4.190402667637e+00
standard CDM,176.250000,4.252646401887e+00
standard CDM,176.500000,4.312245938626e+00
standard CDM,176.750000,4.368948541190e+00
standard CDM,177.000000,4.422511698307e+00
standard CDM,177.250000,4.472704553351e+00
standard CDM,177.500000,4.519309268999e+00
standard CDM,177.750000,4.562122318388e+00
standard CDM,178.000000,4.600955694351e+00
standard CDM,178.250000,4.635638028807e+00
standard CDM,178.500000,4.666015615005e+00
standard CDM,178.750000,4.691953325897e+00
standard CDM,179.000000,4.713335422638e+00
standard CDM,179.250000,4.730066247905e+00
standard CDM,179.500000,4.742070799468e+00
standard CDM,179.750000,4.749295180268e+00
standard CDM,180.000000,4.751706922026e+00
$\Lambda$CDM,0.000000,1.418732270981e+01
$\Lambda$CDM,0.250000,1.418358261702e+01
$\Lambda$CDM,0.500000,1.417237320697e+01
$\Lambda$CDM,0.750000,1.415372703059e+01
$\Lambda$CDM,1.000000,1.412769815967e+01
$\Lambda$CDM,1.250000,1.409436191844e+01
$\Lambda$CDM,1.500000,1.405381450991e+01
$\Lambda$CDM,1.750000,1.400617253936e+01
$\Lambda$CDM,2.000000,1.395157243781e+01
$\Lambda$CDM,2.250000,1.389016978882e+01
$\Lambda$CDM,2.500000,1.382213856277e+01
$\Lambda$CDM,2.750000,1.374767026301e+01
$\Lambda$CDM,3.000000,1.366697298919e+01
$\Lambda$CDM,3.250000,1.358027042312e+01
$\Lambda$CDM,3.500000,1.348780074328e+01
$\Lambda$CDM,3.750000,1.338981547435e+01
$\Lambda$CDM,4.000000,1.328657827861e+01
$\Lambda$CDM,4.250000,1.317836369627e+01
$\Lambda$CDM,4.500000,1.306545584202e+01
$\Lambda$CDM,4.750000,1.294814706563e+01
$\Lambda$CDM,5.000000,1.282673658419e+01
$\Lambda$CDM,5.250000,1.270152909397e+01
$\Lambda$CDM,5.500000,1.257283336997e+01
$\Lambda$CDM,5.750000,1.244096086104e+01
$\Lambda$CDM,6.000000,1.230622428870e+01
$\Lambda$CDM,6.250000,1.216893625751e+01
$\Lambda$CDM,6.500000,1.202940788485e+01
$\Lambda$CDM,6.750000,1.188794745764e+01
$\Lambda$CDM,7.000000,1.174485912349e+01
$\Lambda$CDM,7.250000,1.160044162340e+01
$\Lambda$CDM,7.500000,1.145498707282e+01
$\Lambda$CDM,7.750000,1.130877979753e+01
$\Lambda$CDM,8.000000,1.116209523041e+01
$\Lambda$CDM,8.250000,1.101519887482e+01
$\Lambda$CDM,8.500000,1.086834533971e+01
$\Lambda$CDM,8.750000,1.072177745111e+01
$\Lambda$CDM,9.000000,1.057572544434e+01
$\Lambda$CDM,9.250000,1.043040624040e+01
$\Lambda$CDM,9.500000,1.028602280964e+01
$\Lambda$CDM,9.750000,1.014276362534e+01
$\Lambda$CDM,10.000000,1.000080220893e+01
$\Lambda$CDM,10.250000,9.860296768249e+00
$\Lambda$CDM,10.500000,9.721389929582e+00
$\Lambda$CDM,10.750000,9.584208563480e+00
$\Lambda$CDM,11.000000,9.448863703994e+00
$\Lambda$CDM,11.250000,9.315450560202e+00
$\Lambda$CDM,11.500000,9.184048618380e+00
$\Lambda$CDM,11.750000,9.054721832665e+00
$\Lambda$CDM,12.000000,8.927518901431e+00
$\Lambda$CDM,12.250000,8.802473626168e+00
$\Lambda$CDM,12.500000,8.679605349127e+00
$\Lambda$CDM,12.750000,8.558919465525e+00
$\Lambda$CDM,13.000000,8.440408005731e+00
$\Lambda$CDM,13.250000,8.324050282413e+00
$\Lambda$CDM,13.500000,8.209813597302e+00
$\Lambda$CDM,13.750000,8.097654001925e+00
$\Lambda$CDM,14.000000,7.987517106360e+00
$\Lambda$CDM,14.250000,7.879338929876e+00
$\Lambda$CDM,14.500000,7.773046787107e+00
$\Lambda$CDM,14.750000,7.668560203298e+00
$\Lambda$CDM,15.000000,7.565791852043e+00
$\Lambda$CDM,15.250000,7.464648508921e+00
$\Lambda$CDM,15.500000,7.365032014401e+00
$\Lambda$CDM,15.750000,7.266840239458e+00
$\Lambda$CDM,16.000000,7.169968047427e+00
$\Lambda$CDM,16.250000,7.074308245732e+00
$\Lambda$CDM,16.500000,6.979752521344e+00
$\Lambda$CDM,16.750000,6.886192353992e+00
$\Lambda$CDM,17.000000,6.793519901439e+00
$\Lambda$CDM,17.250000,6.701628851401e+00
$\Lambda$CDM,17.500000,6.610415235031e+00
$\Lambda$CDM,17.750000,6.519778197228e+00
$\Lambda$CDM,18.000000,6.429620719419e+00
$\Lambda$CDM,18.250000,6.339850290883e+00
$\Lambda$CDM,18.500000,6.250379525089e+00
$\Lambda$CDM,18.750000,6.161126718008e+00
$\Lambda$CDM,19.000000,6.072016345784e+00
$\Lambda$CDM,19.250000,5.982979499655e+00
$\Lambda$CDM,19.500000,5.893954256486e+00
$\Lambda$CDM,19.750000,5.804885983775e+00
$\Lambda$CDM,20.000000,5.715727578476e+00
$\Lambda$CDM,20.250000,5.626439639476e+00
$\Lambda$CDM,20.500000,5.536990574049e+00
$\Lambda$CDM,20.750000,5.447356639078e+00
$\Lambda$CDM,21.000000,5.357521918305e+00
$\Lambda$CDM,21.250000,5.267478237310e+00
$\Lambda$CDM,21.500000,5.177225018343e+00
$\Lambda$CDM,21.750000,5.086769077544e+00
$\Lambda$CDM,22.000000,4.996124367469e+00
$\Lambda$CDM,22.250000,4.905311668183e+00
$\Lambda$CDM,22.500000,4.814358230517e+00
$\Lambda$CDM,22.750000,4.723297375363e+00
$\Lambda$CDM,23.000000,4.632168053165e+00
$\Lambda$CDM,23.250000,4.541014367957e+00
$\Lambda$CDM,23.500000,4.449885070518e+00
$\Lambda$CDM,23.750000,4.358833025347e+00
$\Lambda$CDM,24.000000,4.267914656283e+00
$\Lambda$CDM,24.250000,4.177189375667e+00
$\Lambda$CDM,24.500000,4.086719001979e+00
$\Lambda$CDM,24.750000,3.996567170900e+00
$\Lambda$CDM,25.000000,3.906798744681e+00
$\Lambda$CDM,25.250000,3.817479224656e+00
$\Lambda$CDM,25.500000,3.728674171602e+00
$\Lambda$CDM,25.750000,3.640448638529e+00
$\Lambda$CDM,26.000000,3.552866620276e+00
$\Lambda$CDM,26.250000,3.465990524093e+00
$\Lambda$CDM,26.500000,3.379880665168e+00
$\Lambda$CDM,26.750000,3.294594790754e+00
$\Lambda$CDM,27.000000,3.210187636286e+00
$\Lambda$CDM,27.250000,3.126710516565e+00
$\Lambda$CDM,27.500000,3.044210954735e+00
$\Lambda$CDM,27.750000,2.962732351445e+00
$\Lambda$CDM,28.000000,2.882313696217e+00
$\Lambda$CDM,28.250000,2.802989322663e+00
$\Lambda$CDM,28.500000,2.724788708825e+00
$\Lambda$CDM,28.750000,2.647736323492e+00
$\Lambda$CDM,29.000000,2.571851519006e+00
$\Lambda$CDM,29.250000,2.497148470628e+00
$\Lambda$CDM,29.500000,2.423636162191e+00
$\Lambda$CDM,29.750000,2.351318417365e+00
$\Lambda$CDM,30.000000,2.280193975511e+00
$\Lambda$CDM,30.250000,2.210256610723e+00
$\Lambda$CDM,30.500000,2.141495292342e+00
$\Lambda$CDM,30.750000,2.073894384892e+00
$\Lambda$CDM,31.000000,2.007433885092e+00
$\Lambda$CDM,31.250000,1.942089693314e+00
$\Lambda$CDM,31.500000,1.877833916614e+00
$\Lambda$CDM,31.750000,1.814635200241e+00
$\Lambda$CDM,32.000000,1.752459084297e+00
$\Lambda$CDM,32.250000,1.691268382102e+00
$\Lambda$CDM,32.500000,1.631023576641e+00
$\Lambda$CDM,32.750000,1.571683231368e+00
$\Lambda$CDM,33.000000,1.513204411589e+00
$\Lambda$CDM,33.250000,1.455543112566e+00
$\Lambda$CDM,33.500000,1.398654690507e+00
$\Lambda$CDM,33.750000,1.342494292598e+00
$\Lambda$CDM,34.000000,1.287017282308e+00
$\Lambda$CDM,34.250000,1.232179656263e+00
$\Lambda$CDM,34.500000,1.177938449102e+00
$\Lambda$CDM,34.750000,1.124252122877e+00
$\Lambda$CDM,35.000000,1.071080937718e+00
$\Lambda$CDM,35.250000,1.018387300677e+00
$\Lambda$CDM,35.500000,9.661360898863e-01
$\Lambda$CDM,35.750000,9.142949514149e-01
$\Lambda$CDM,36.000000,8.628345664465e-01
$\Lambda$CDM,36.250000,8.117288866967e-01
$\Lambda$CDM,36.500000,7.609553362732e-01
$\Lambda$CDM,36.750000,7.104949784880e-01
$\Lambda$CDM,37.000000,6.603326464471e-01
$\Lambda$CDM,37.250000,6.104570365649e-01
$\Lambda$CDM,37.500000,5.608607644785e-01
$\Lambda$CDM,37.750000,5.115403831671e-01
$\Lambda$CDM,38.000000,4.624963634103e-01
$\Lambda$CDM,38.250000,4.137330370432e-01
$\Lambda$CDM,38.500000,3.652585037884e-01
$\Lambda$CDM,38.750000,3.170845027543e-01
$\Lambda$CDM,39.000000,2.692262499876e-01
$\Lambda$CDM,39.250000,2.217022437578e-01
$\Lambda$CDM,39.500000,1.745340395165e-01
$\Lambda$CDM,39.750000,1.277459967331e-01
$\Lambda$CDM,40.000000,8.136500003428e-02
$\Lambda$CDM,40.250000,3.542015729185e-02
$\Lambda$CDM,40.500000,-1.005752251551e-02
$\Lambda$CDM,40.750000,-5.503546867311e-02
$\Lambda$CDM,41.000000,-9.947990220755e-02
$\Lambda$CDM,41.250000,-1.433562002333e-01
$\Lambda$CDM,41.500000,-1.866292678503e-01
$\Lambda$CDM,41.750000,-2.292639142213e-01
$\Lambda$CDM,42.000000,-2.712252294340e-01
$\Lambda$CDM,42.250000,-3.124789587553e-01
$\Lambda$CDM,42.500000,-3.529918709220e-01
$\Lambda$CDM,42.750000,-3.927321171695e-01
$\Lambda$CDM,43.000000,-4.316695777926e-01
$\Lambda$CDM,43.250000,-4.697761931463e-01
$\Lambda$CDM,43.500000,-5.070262761378e-01
$\Lambda$CDM,43.750000,-5.433968034266e-01
$\Lambda$CDM,44.000000,-5.788676827378e-01
$\Lambda$CDM,44.250000,-6.134219939079e-01
$\Lambda$CDM,44.500000,-6.470462015098e-01
$\Lambda$CDM,44.750000,-6.797303371530e-01
$\Lambda$CDM,45.000000,-7.114681498198e-01
$\Lambda$CDM,45.250000,-7.422572228736e-01
$\Lambda$CDM,45.500000,-7.720990566673e-01
$\Lambda$CDM,45.750000,-8.009991159708e-01
$\Lambda$CDM,46.000000,-8.289668417466e-01
$\Lambda$CDM,46.250000,-8.560156271049e-01
$\Lambda$CDM,46.500000,-8.821627575772e-01
$\Lambda$CDM,46.750000,-9.074293161580e-01
$\Lambda$CDM,47.000000,-9.318400538620e-01
$\Lambda$CDM,47.250000,-9.554232268431e-01
$\Lambda$CDM,47.500000,-9.782104014075e-01
$\Lambda$CDM,47.750000,-1.000236228530e+00
$\Lambda$CDM,48.000000,-1.021538189746e+00
$\Lambda$CDM,48.250000,-1.042156316529e+00
$\Lambda$CDM,48.500000,-1.062132885516e+00
$\Lambda$CDM,48.750000,-1.081512092117e+00
$\Lambda$CDM,49.000000,-1.100339705273e+00
$\Lambda$CDM,49.250000,-1.118662706255e+00
$\Lambda$CDM,49.500000,-1.136528914563e+00
$\Lambda$CDM,49.750000,-1.153986604097e+00
$\Lambda$CDM,50.000000,-1.171084112840e+00
$\Lambda$CDM,50.250000,-1.187869449386e+00
$\Lambda$CDM,50.500000,-1.204389899665e+00
$\Lambda$CDM,50.750000,-1.220691637212e+00
$\Lambda$CDM,51.000000,-1.236819340337e+00
$\Lambda$CDM,51.250000,-1.252815819477e+00
$\Lambda$CDM,51.500000,-1.268721657949e+00
$\Lambda$CDM,51.750000,-1.284574869207e+00
$\Lambda$CDM,52.000000,-1.300410573607e+00
$\Lambda$CDM,52.250000,-1.316260697484e+00
$\Lambda$CDM,52.500000,-1.332153697220e+00
$\Lambda$CDM,52.750000,-1.348114310732e+00
$\Lambda$CDM,53.000000,-1.364163338637e+00
$\Lambda$CDM,53.250000,-1.380317457066e+00
$\Lambda$CDM,53.500000,-1.396589063888e+00
$\Lambda$CDM,53.750000,-1.412986159787e+00
$\Lambda$CDM,54.000000,-1.429512265406e+00
$\Lambda$CDM,54.250000,-1.446166375418e+00
$\Lambda$CDM,54.500000,-1.462942950135e+00
$\Lambda$CDM,54.750000,-1.479831944930e+00
$\Lambda$CDM,55.000000,-1.496818877438e+00
$\Lambda$CDM,55.250000,-1.513884932200e+00
$\Lambda$CDM,55.500000,-1.531007102103e+00
$\Lambda$CDM,55.750000,-1.548158365653e+00
$\Lambda$CDM,56.000000,-1.565307898844e+00
$\Lambda$CDM,56.250000,-1.582421320067e+00
$\Lambda$CDM,56.500000,-1.599460966245e+00
$\Lambda$CDM,56.750000,-1.616386198129e+00
$\Lambda$CDM,57.000000,-1.633153732408e+00
$\Lambda$CDM,57.250000,-1.649717998087e+00
$\Lambda$CDM,57.500000,-1.666031514373e+00
$\Lambda$CDM,57.750000,-1.682045287110e+00
$\Lambda$CDM,58.000000,-1.697709220656e+00
$\Lambda$CDM,58.250000,-1.712972541945e+00
$\Lambda$CDM,58.500000,-1.727784233369e+00
$\Lambda$CDM,58.750000,-1.742093471022e+00
$\Lambda$CDM,59.000000,-1.755850064814e+00
$\Lambda$CDM,59.250000,-1.769004896880e+00
$\Lambda$CDM,59.500000,-1.781510354776e+00
$\Lambda$CDM,59.750000,-1.793320755917e+00
$\Lambda$CDM,60.000000,-1.804392759809e+00
$\Lambda$CDM,60.250000,-1.814685764684e+00
$\Lambda$CDM,60.500000,-1.824162285280e+00
$\Lambda$CDM,60.750000,-1.832788308614e+00
$\Lambda$CDM,61.000000,-1.840533624795e+00
$\Lambda$CDM,61.250000,-1.847372130077e+00
$\Lambda$CDM,61.500000,-1.853282099580e+00
$\Lambda$CDM,61.750000,-1.858246427338e+00
$\Lambda$CDM,62.000000,-1.862252831574e+00
$\Lambda$CDM,62.250000,-1.865294023371e+00
$\Lambda$CDM,62.500000,-1.867367837204e+00
$\Lambda$CDM,62.750000,-1.868477322077e+00
$\Lambda$CDM,63.000000,-1.868630792335e+00
$\Lambda$CDM,63.250000,-1.867841837509e+00
$\Lambda$CDM,63.500000,-1.866129290922e+00
$\Lambda$CDM,63.750000,-1.863517157045e+00
$\Lambda$CDM,64.000000,-1.860034497993e+00
$\Lambda$CDM,64.250000,-1.855715279801e+00
$\Lambda$CDM,64.500000,-1.850598179510e+00
$\Lambda$CDM,64.750000,-1.844726354351e+00
$\Lambda$CDM,65.000000,-1.838147174667e+00
$\Lambda$CDM,65.250000,-1.830911922458e+00
$\Lambda$CDM,65.500000,-1.823075457774e+00
$\Lambda$CDM,65.750000,-1.814695855374e+00
$\Lambda$CDM,66.000000,-1.805834014386e+00
$\Lambda$CDM,66.250000,-1.796553243854e+00
$\Lambda$CDM,66.500000,-1.786918827342e+00
$\Lambda$CDM,66.750000,-1.776997569855e+00
$\Lambda$CDM,67.000000,-1.766857330574e+00
$\Lambda$CDM,67.250000,-1.756566544960e+00
$\Lambda$CDM,67.500000,-1.746193739930e+00
$\Lambda$CDM,67.750000,-1.735807045847e+00
$\Lambda$CDM,68.000000,-1.725473709125e+00
$\Lambda$CDM,68.250000,-1.715259609258e+00
$\Lambda$CDM,68.500000,-1.705228784044e+00
$\Lambda$CDM,68.750000,-1.695442966769e+00
$\Lambda$CDM,69.000000,-1.685961138992e+00
$\Lambda$CDM,69.250000,-1.676839102498e+00
$\Lambda$CDM,69.500000,-1.668129073833e+00
$\Lambda$CDM,69.750000,-1.659879304689e+00
$\Lambda$CDM,70.000000,-1.652133731194e+00
$\Lambda$CDM,70.250000,-1.644931654987e+00
$\Lambda$CDM,70.500000,-1.638307458670e+00
$\Lambda$CDM,70.750000,-1.632290358038e+00
$\Lambda$CDM,71.000000,-1.626904193133e+00
$\Lambda$CDM,71.250000,-1.622167259955e+00
$\Lambda$CDM,71.500000,-1.618092184288e+00
$\Lambda$CDM,71.750000,-1.614685838805e+00
$\Lambda$CDM,72.000000,-1.611949304301e+00
$\Lambda$CDM,72.250000,-1.609877875516e+00
$\Lambda$CDM,72.500000,-1.608461111718e+00
$\Lambda$CDM,72.750000,-1.607682931826e+00
$\Lambda$CDM,73.000000,-1.607521753524e+00
$\Lambda$CDM,73.250000,-1.607950675481e+00
$\Lambda$CDM,73.500000,-1.608937701432e+00
$\Lambda$CDM,73.750000,-1.610446004563e+00
$\Lambda$CDM,74.000000,-1.612434230300e+00
$\Lambda$CDM,74.250000,-1.614856835336e+00
$\Lambda$CDM,74.500000,-1.617664460387e+00
$\Lambda$CDM,74.750000,-1.620804333940e+00
$\Lambda$CDM,75.000000,-1.624220703975e+00
$\Lambda$CDM,75.250000,-1.627855294429e+00
$\Lambda$CDM,75.500000,-1.631647782949e+00
$\Lambda$CDM,75.750000,-1.635536296323e+00
$\Lambda$CDM,76.000000,-1.639457919795e+00
$\Lambda$CDM,76.250000,-1.643349216367e+00
$\Lambda$CDM,76.500000,-1.647146752098e+00
$\Lambda$CDM,76.750000,-1.650787623317e+00
$\Lambda$CDM,77.000000,-1.654209981675e+00
$\Lambda$CDM,77.250000,-1.657353552918e+00
$\Lambda$CDM,77.500000,-1.660160145323e+00
$\Lambda$CDM,77.750000,-1.662574143777e+00
$\Lambda$CDM,78.000000,-1.664542985591e+00
$\Lambda$CDM,78.250000,-1.666017614237e+00
$\Lambda$CDM,78.500000,-1.666952907383e+00
$\Lambda$CDM,78.750000,-1.667308075741e+00
$\Lambda$CDM,79.000000,-1.667047029477e+00
$\Lambda$CDM,79.250000,-1.666138709171e+00
$\Lambda$CDM,79.500000,-1.664557378533e+00
$\Lambda$CDM,79.750000,-1.662282876411e+00
$\Lambda$CDM,80.000000,-1.659300825894e+00
$\Lambda$CDM,80.250000,-1.655602798632e+00
$\Lambda$CDM,80.500000,-1.651186432847e+00
$\Lambda$CDM,80.750000,-1.646055503837e+00
$\Lambda$CDM,81.000000,-1.640219946135e+00
$\Lambda$CDM,81.250000,-1.633695826871e+00
$\Lambda$CDM,81.500000,-1.626505270203e+00
$\Lambda$CDM,81.750000,-1.618676333133e+00
$\Lambda$CDM,82.000000,-1.610242833308e+00
$\Lambda$CDM,82.250000,-1.601244129853e+00
$\Lambda$CDM,82.500000,-1.591724858587e+00
$\Lambda$CDM,82.750000,-1.581734623365e+00
$\Lambda$CDM,83.000000,-1.571327645603e+00
$\Lambda$CDM,83.250000,-1.560562374397e+00
$\Lambda$CDM,83.500000,-1.549501059926e+00
$\Lambda$CDM,83.750000,-1.538209293159e+00
$\Lambda$CDM,84.000000,-1.526755515120e+00
$\Lambda$CDM,84.250000,-1.515210499242e+00
$\Lambda$CDM,84.500000,-1.503646810532e+00
$\Lambda$CDM,84.750000,-1.492138245502e+00
$\Lambda$CDM,85.000000,-1.480759256943e+00
$\Lambda$CDM,85.250000,-1.469584367797e+00
$\Lambda$CDM,85.500000,-1.458687578449e+00
$\Lambda$CDM,85.750000,-1.448141771867e+00
$\Lambda$CDM,86.000000,-1.438018121023e+00
$\Lambda$CDM,86.250000,-1.428385503078e+00
$\Lambda$CDM,86.500000,-1.419309924738e+00
$\Lambda$CDM,86.750000,-1.410853963174e+00
$\Lambda$CDM,87.000000,-1.403076226769e+00
$\Lambda$CDM,87.250000,-1.396030839868e+00
$\Lambda$CDM,87.500000,-1.389766955509e+00
$\Lambda$CDM,87.750000,-1.384328299968e+00
$\Lambda$CDM,88.000000,-1.379752752702e+00
$\Lambda$CDM,88.250000,-1.376071965059e+00
$\Lambda$CDM,88.500000,-1.373311020834e+00
$\Lambda$CDM,88.750000,-1.371488141474e+00
$\Lambda$CDM,89.000000,-1.370614438405e+00
$\Lambda$CDM,89.250000,-1.370693714640e+00
$\Lambda$CDM,89.500000,-1.371722317467e+00
$\Lambda$CDM,89.750000,-1.373689043640e+00
$\Lambda$CDM,90.000000,-1.376575098147e+00
$\Lambda$CDM,90.250000,-1.380354107212e+00
$\Lambda$CDM,90.500000,-1.384992185828e+00
$\Lambda$CDM,90.750000,-1.390448059694e+00
$\Lambda$CDM,91.000000,-1.396673241054e+00
$\Lambda$CDM,91.250000,-1.403612257532e+00
$\Lambda$CDM,91.500000,-1.411202932679e+00
$\Lambda$CDM,91.750000,-1.419376716558e+00
$\Lambda$CDM,92.000000,-1.428059064328e+00
$\Lambda$CDM,92.250000,-1.437169860445e+00
$\Lambda$CDM,92.500000,-1.446623885744e+00
$\Lambda$CDM,92.750000,-1.456331324352e+00
$\Lambda$CDM,93.000000,-1.466198307090e+00
$\Lambda$CDM,93.250000,-1.476127487744e+00
$\Lambda$CDM,93.500000,-1.486018648333e+00
$\Lambda$CDM,93.750000,-1.495769329288e+00
$\Lambda$CDM,94.000000,-1.505275480253e+00
$\Lambda$CDM,94.250000,-1.514432127072e+00
$\Lambda$CDM,94.500000,-1.523134050385e+00
$\Lambda$CDM,94.750000,-1.531276471161e+00
$\Lambda$CDM,95.000000,-1.538755738435e+00
$\Lambda$CDM,95.250000,-1.545470014482e+00
$\Lambda$CDM,95.500000,-1.551319952680e+00
$\Lambda$CDM,95.750000,-1.556209363317e+00
$\Lambda$CDM,96.000000,-1.560045862726e+00
$\Lambda$CDM,96.250000,-1.562741501179e+00
$\Lambda$CDM,96.500000,-1.564213365150e+00
$\Lambda$CDM,96.750000,-1.564384149714e+00
$\Lambda$CDM,97.000000,-1.563182697047e+00
$\Lambda$CDM,97.250000,-1.560544497234e+00
$\Lambda$CDM,97.500000,-1.556412147825e+00
$\Lambda$CDM,97.750000,-1.550735768900e+00
$\Lambda$CDM,98.000000,-1.543473370674e+00
$\Lambda$CDM,98.250000,-1.534591171018e+00
$\Lambda$CDM,98.500000,-1.524063860621e+00
$\Lambda$CDM,98.750000,-1.511874813869e+00
$\Lambda$CDM,99.000000,-1.498016243912e+00
$\Lambda$CDM,99.250000,-1.482489300750e+00
$\Lambda$CDM,99.500000,-1.465304111589e+00
$\Lambda$CDM,99.750000,-1.446479763119e+00
$\Lambda$CDM,100.000000,-1.426044225740e+00
$\Lambda$CDM,100.250000,-1.404034220206e+00
$\Lambda$CDM,100.500000,-1.380495027519e+00
$\Lambda$CDM,100.750000,-1.355480243327e+00
$\Lambda$CDM,101.000000,-1.329051478443e+00
$\Lambda$CDM,101.250000,-1.301278007479e+00
$\Lambda$CDM,101.500000,-1.272236367962e+00
$\Lambda$CDM,101.750000,-1.242009912607e+00
$\Lambda$CDM,102.000000,-1.210688317775e+00
$\Lambda$CDM,102.250000,-1.178367051417e+00
$\Lambda$CDM,102.500000,-1.145146804100e+00
$\Lambda$CDM,102.750000,-1.111132886939e+00
$\Lambda$CDM,103.000000,-1.076434600495e+00
$\Lambda$CDM,103.250000,-1.041164578889e+00
$\Lambda$CDM,103.500000,-1.005438113523e+00
$\Lambda$CDM,103.750000,-9.693724609665e-01
$\Lambda$CDM,104.000000,-9.330861396208e-01
$\Lambda$CDM,104.250000,-8.966982198669e-01
$\Lambda$CDM,104.500000,-8.603276124222e-01
$\Lambda$CDM,104.750000,-8.240923596257e-01
$\Lambda$CDM,105.000000,-7.881089343393e-01
$\Lambda$CDM,105.250000,-7.524915510791e-01
$\Lambda$CDM,105.500000,-7.173514938900e-01
$\Lambda$CDM,105.750000,-6.827964653421e-01
$\Lambda$CDM,106.000000,-6.489299608625e-01
$\Lambda$CDM,106.250000,-6.158506724226e-01
$\Lambda$CDM,106.500000,-5.836519253791e-01
$\Lambda$CDM,106.750000,-5.524211520199e-01
$\Lambda$CDM,107.000000,-5.222394050938e-01
$\Lambda$CDM,107.250000,-4.931809143095e-01
$\Lambda$CDM,107.500000,-4.653126884768e-01
$\Lambda$CDM,107.750000,-4.386941656311e-01
$\Lambda$CDM,108.000000,-4.133769131377e-01
$\Lambda$CDM,108.250000,-3.894043794139e-01
$\Lambda$CDM,108.500000,-3.668116985402e-01
$\Lambda$CDM,108.750000,-3.456255486568e-01
$\Lambda$CDM,109.000000,-3.258640646633e-01
$\Lambda$CDM,109.250000,-3.075368053618e-01
$\Lambda$CDM,109.500000,-2.906447748005e-01
$\Lambda$CDM,109.750000,-2.751804972084e-01
$\Lambda$CDM,110.000000,-2.611281445370e-01
$\Lambda$CDM,110.250000,-2.484637152737e-01
$\Lambda$CDM,110.500000,-2.371552628424e-01
$\Lambda$CDM,110.750000,-2.271631715804e-01
$\Lambda$CDM,111.000000,-2.184404779627e-01
$\Lambda$CDM,111.250000,-2.109332344558e-01
$\Lambda$CDM,111.500000,-2.045809131065e-01
$\Lambda$CDM,111.750000,-1.993168457243e-01
$\Lambda$CDM,112.000000,-1.950686972891e-01
$\Lambda$CDM,112.250000,-1.917589690205e-01
$\Lambda$CDM,112.500000,-1.893055273731e-01
$\Lambda$CDM,112.750000,-1.876221550786e-01
$\Lambda$CDM,113.000000,-1.866191202483e-01
$\Lambda$CDM,113.250000,-1.862037594628e-01
$\Lambda$CDM,113.500000,-1.862810707282e-01
$\Lambda$CDM,113.750000,-1.867543121556e-01
$\Lambda$CDM,114.000000,-1.875256022327e-01
$\Lambda$CDM,114.250000,-1.884965175958e-01
$\Lambda$CDM,114.500000,-1.895686842827e-01
$\Lambda$CDM,114.750000,-1.906443585460e-01
$\Lambda$CDM,115.000000,-1.916269934343e-01
$\Lambda$CDM,115.250000,-1.924217875036e-01
$\Lambda$CDM,115.500000,-1.929362122035e-01
$\Lambda$CDM,115.750000,-1.930805146833e-01
$\Lambda$CDM,116.000000,-1.927681929949e-01
$\Lambda$CDM,116.250000,-1.919164409112e-01
$\Lambda$CDM,116.500000,-1.904465598468e-01
$\Lambda$CDM,116.750000,-1.882843356485e-01
$\Lambda$CDM,117.000000,-1.853603783171e-01
$\Lambda$CDM,117.250000,-1.816104230275e-01
$\Lambda$CDM,117.500000,-1.769755911307e-01
$\Lambda$CDM,117.750000,-1.714026101409e-01
$\Lambda$CDM,118.000000,-1.648439920364e-01
$\Lambda$CDM,118.250000,-1.572581695285e-01
$\Lambda$CDM,118.500000,-1.486095902772e-01
$\Lambda$CDM,118.750000,-1.388687693548e-01
$\Lambda$CDM,119.000000,-1.280123005687e-01
$\Lambda$CDM,119.250000,-1.160228275651e-01
$\Lambda$CDM,119.500000,-1.028889759241e-01
$\Lambda$CDM,119.750000,-8.860524774214e-02
$\Lambda$CDM,120.000000,-7.317188045905e-02
$\Lambda$CDM,120.250000,-5.659467193570e-02
$\Lambda$CDM,120.500000,-3.888477401726e-02
$\Lambda$CDM,120.750000,-2.005845702229e-02
$\Lambda$CDM,121.000000,-1.368477835944e-04
$\Lambda$CDM,121.250000,2.085435597329e-02
$\Lambda$CDM,121.500000,4.288519199209e-02
$\Lambda$CDM,121.750000,6.592175755677e-02
$\Lambda$CDM,122.000000,8.992654815659e-02
$\Lambda$CDM,122.250000,1.148588075739e-01
$\Lambda$CDM,122.500000,1.406748861941e-01
$\Lambda$CDM,122.750000,1.673286043357e-01
$\Lambda$CDM,123.000000,1.947716174226e-01
$\Lambda$CDM,123.250000,2.229537798723e-01
$\Lambda$CDM,123.500000,2.518235046533e-01
$\Lambda$CDM,123.750000,2.813281155636e-01
$\Lambda$CDM,124.000000,3.114141894129e-01
$\Lambda$CDM,124.250000,3.420278854374e-01
$\Lambda$CDM,124.500000,3.731152594489e-01
$\Lambda$CDM,124.750000,4.046225604085e-01
$\Lambda$CDM,125.000000,4.364965073250e-01
$\Lambda$CDM,125.250000,4.686845446024e-01
$\Lambda$CDM,125.500000,5.011350741980e-01
$\Lambda$CDM,125.750000,5.337976632053e-01
$\Lambda$CDM,126.000000,5.666232257349e-01
$\Lambda$CDM,126.250000,5.995641782329e-01
$\Lambda$CDM,126.500000,6.325745676523e-01
$\Lambda$CDM,126.750000,6.656101721644e-01
$\Lambda$CDM,127.000000,6.986285743753e-01
$\Lambda$CDM,127.250000,7.315892072855e-01
$\Lambda$CDM,127.500000,7.644533734983e-01
$\Lambda$CDM,127.750000,7.971842384466e-01
$\Lambda$CDM,128.000000,8.297467986594e-01
$\Lambda$CDM,128.250000,8.621078263306e-01
$\Lambda$CDM,128.500000,8.942357916833e-01
$\Lambda$CDM,128.750000,9.261007648324e-01
$\Lambda$CDM,129.000000,9.576742990468e-01
$\Lambda$CDM,129.250000,9.889292974879e-01
$\Lambda$CDM,129.500000,1.019839865658e+00
$\Lambda$CDM,129.750000,1.050381151925e+00
$\Lambda$CDM,130.000000,1.080529178611e+00
$\Lambda$CDM,130.250000,1.110260666197e+00
$\Lambda$CDM,130.500000,1.139552853292e+00
$\Lambda$CDM,130.750000,1.168383315027e+00
$\Lambda$CDM,131.000000,1.196729782550e+00
$\Lambda$CDM,131.250000,1.224569966301e+00
$\Lambda$CDM,131.500000,1.251881385689e+00
$\Lambda$CDM,131.750000,1.278641207735e+00
$\Lambda$CDM,132.000000,1.304826097160e+00
$\Lambda$CDM,132.250000,1.330412080278e+00
$\Lambda$CDM,132.500000,1.355374424917e+00
$\Lambda$CDM,132.750000,1.379687538447e+00
$\Lambda$CDM,133.000000,1.403324885791e+00
$\Lambda$CDM,133.250000,1.426258929115e+00
$\Lambda$CDM,133.500000,1.448461090677e+00
$\Lambda$CDM,133.750000,1.469901740077e+00
$\Lambda$CDM,134.000000,1.490550206905e+00
$\Lambda$CDM,134.250000,1.510374819540e+00
$\Lambda$CDM,134.500000,1.529342970567e+00
$\Lambda$CDM,134.750000,1.547421209038e+00
$\Lambda$CDM,135.000000,1.564575359483e+00
$\Lambda$CDM,135.250000,1.580770667344e+00
$\Lambda$CDM,135.500000,1.595971970194e+00
$\Lambda$CDM,135.750000,1.610143893831e+00
$\Lambda$CDM,136.000000,1.623251072085e+00
$\Lambda$CDM,136.250000,1.635258388895e+00
$\Lambda$CDM,136.500000,1.646131240953e+00
$\Lambda$CDM,136.750000,1.655835818997e+00
$\Lambda$CDM,137.000000,1.664339405581e+00
$\Lambda$CDM,137.250000,1.671610686959e+00
$\Lambda$CDM,137.500000,1.677620076509e+00
$\Lambda$CDM,137.750000,1.682340046973e+00
$\Lambda$CDM,138.000000,1.685745468621e+00
$\Lambda$CDM,138.250000,1.687813950335e+00
$\Lambda$CDM,138.500000,1.688526180493e+00
$\Lambda$CDM,138.750000,1.687866264475e+00
$\Lambda$CDM,139.000000,1.685822055542e+00
$\Lambda$CDM,139.250000,1.682385475854e+00
$\Lambda$CDM,139.500000,1.677552824349e+00
$\Lambda$CDM,139.750000,1.671325068298e+00
$\Lambda$CDM,140.000000,1.663708115369e+00
$\Lambda$CDM,140.250000,1.654713063140e+00
$\Lambda$CDM,140.500000,1.644356423145e+00
$\Lambda$CDM,140.750000,1.632660316632e+00
$\Lambda$CDM,141.000000,1.619652639446e+00
$\Lambda$CDM,141.250000,1.605367193585e+00
$\Lambda$CDM,141.500000,1.589843783257e+00
$\Lambda$CDM,141.750000,1.573128273470e+00
$\Lambda$CDM,142.000000,1.555272609457e+00
$\Lambda$CDM,142.250000,1.536334795546e+00
$\Lambda$CDM,142.500000,1.516378832339e+00
$\Lambda$CDM,142.750000,1.495474611424e+00
$\Lambda$CDM,143.000000,1.473697767126e+00
$\Lambda$CDM,143.250000,1.451129485177e+00
$\Lambda$CDM,143.500000,1.427856268485e+00
$\Lambda$CDM,143.750000,1.403969660553e+00
$\Lambda$CDM,144.000000,1.379565927444e+00
$\Lambda$CDM,144.250000,1.354745699513e+00
$\Lambda$CDM,144.500000,1.329613574481e+00
$\Lambda$CDM,144.750000,1.304277683763e+00
$\Lambda$CDM,145.000000,1.278849224272e+00
$\Lambda$CDM,145.250000,1.253441958232e+00
$\Lambda$CDM,145.500000,1.228171683844e+00
$\Lambda$CDM,145.750000,1.203155679907e+00
$\Lambda$CDM,146.000000,1.178512127767e+00
$\Lambda$CDM,146.250000,1.154359514194e+00
$\Lambda$CDM,146.500000,1.130816019010e+00
$\Lambda$CDM,146.750000,1.107998891456e+00
$\Lambda$CDM,147.000000,1.086023819465e+00
$\Lambda$CDM,147.250000,1.065004296115e+00
$\Lambda$CDM,147.500000,1.045050987655e+00
$\Lambda$CDM,147.750000,1.026271107532e+00
$\Lambda$CDM,148.000000,1.008767800904e+00
$\Lambda$CDM,148.250000,9.926395441054e-01
$\Lambda$CDM,148.500000,9.779795635114e-01
$\Lambda$CDM,148.750000,9.648752781476e-01
$\Lambda$CDM,149.000000,9.534077703230e-01
$\Lambda$CDM,149.250000,9.436512884002e-01
$\Lambda$CDM,149.500000,9.356727856561e-01
$\Lambda$CDM,149.750000,9.295314989832e-01
$\Lambda$CDM,150.000000,9.252785709445e-01
$\Lambda$CDM,150.250000,9.229567184375e-01
$\Lambda$CDM,150.500000,9.225999509260e-01
$\Lambda$CDM,150.750000,9.242333408875e-01
$\Lambda$CDM,151.000000,9.278728487809e-01
$\Lambda$CDM,151.250000,9.335252044782e-01
$\Lambda$CDM,151.500000,9.411878467249e-01
$\Lambda$CDM,151.750000,9.508489217958e-01
$\Lambda$CDM,152.000000,9.624873421034e-01
$\Lambda$CDM,152.250000,9.760729050963e-01
$\Lambda$CDM,152.500000,9.915664723559e-01
$\Lambda$CDM,152.750000,1.008920208367e+00
$\Lambda$CDM,153.000000,1.028077878008e+00
$\Lambda$CDM,153.250000,1.048975201367e+00
$\Lambda$CDM,153.500000,1.071540264071e+00
$\Lambda$CDM,153.750000,1.095693980897e+00
$\Lambda$CDM,154.000000,1.121350610021e+00
$\Lambda$CDM,154.250000,1.148418314878e+00
$\Lambda$CDM,154.500000,1.176799770216e+00
$\Lambda$CDM,154.750000,1.206392808605e+00
$\Lambda$CDM,155.000000,1.237091103294e+00
$\Lambda$CDM,155.250000,1.268784883028e+00
$\Lambda$CDM,155.500000,1.301361674168e+00
$\Lambda$CDM,155.750000,1.334707065186e+00
$\Lambda$CDM,156.000000,1.368705488420e+00
$\Lambda$CDM,156.250000,1.403241013792e+00
$\Lambda$CDM,156.500000,1.438198149042e+00
$\Lambda$CDM,156.750000,1.473462640941e+00
$\Lambda$CDM,157.000000,1.508922271871e+00
$\Lambda$CDM,157.250000,1.544467646150e+00
$\Lambda$CDM,157.500000,1.579992960485e+00
$\Lambda$CDM,157.750000,1.615396752988e+00
$\Lambda$CDM,158.000000,1.650582625312e+00
$\Lambda$CDM,158.250000,1.685459932568e+00
$\Lambda$CDM,158.500000,1.719944435883e+00
$\Lambda$CDM,158.750000,1.753958912671e+00
$\Lambda$CDM,159.000000,1.787433719926e+00
$\Lambda$CDM,159.250000,1.820307306159e+00
$\Lambda$CDM,159.500000,1.852526667891e+00
$\Lambda$CDM,159.750000,1.884047746998e+00
$\Lambda$CDM,160.000000,1.914835765567e+00
$\Lambda$CDM,160.250000,1.944865495338e+00
$\Lambda$CDM,160.500000,1.974121459235e+00
$\Lambda$CDM,160.750000,2.002598062964e+00
$\Lambda$CDM,161.000000,2.030299655100e+00
$\Lambda$CDM,161.250000,2.057240514601e+00
$\Lambda$CDM,161.500000,2.083444765164e+00
$\Lambda$CDM,161.750000,2.108946216380e+00
$\Lambda$CDM,162.000000,2.133788132103e+00
$\Lambda$CDM,162.250000,2.158022927035e+00
$\Lambda$CDM,162.500000,2.181711792962e+00
$\Lambda$CDM,162.750000,2.204924256657e+00
$\Lambda$CDM,163.000000,2.227737671892e+00
$\Lambda$CDM,163.250000,2.250236648542e+00
$\Lambda$CDM,163.500000,2.272512422178e+00
$\Lambda$CDM,163.750000,2.294662168031e+00
$\Lambda$CDM,164.000000,2.316788263604e+00
$\Lambda$CDM,164.250000,2.338997504610e+00
$\Lambda$CDM,164.500000,2.361400279278e+00
$\Lambda$CDM,164.750000,2.384109706401e+00
$\Lambda$CDM,165.000000,2.407240742788e+00
$\Lambda$CDM,165.250000,2.430909266057e+00
$\Lambda$CDM,165.500000,2.455231138904e+00
$\Lambda$CDM,165.750000,2.480321261172e+00
$\Lambda$CDM,166.000000,2.506292616181e+00
$\Lambda$CDM,166.250000,2.533255317863e+00
$\Lambda$CDM,166.500000,2.561315665299e+00
$\Lambda$CDM,166.750000,2.590575211240e+00
$\Lambda$CDM,167.000000,2.621129851182e+00
$\Lambda$CDM,167.250000,2.653068939424e+00
$\Lambda$CDM,167.500000,2.686474438454e+00
$\Lambda$CDM,167.750000,2.721420107782e+00
$\Lambda$CDM,168.000000,2.757970738157e+00
$\Lambda$CDM,168.250000,2.796181436786e+00
$\Lambda$CDM,168.500000,2.836096968929e+00
$\Lambda$CDM,168.750000,2.877751160834e+00
$\Lambda$CDM,169.000000,2.921166368644e+00
$\Lambda$CDM,169.250000,2.966353017467e+00
$\Lambda$CDM,169.500000,3.013309214348e+00
$\Lambda$CDM,169.750000,3.062020438426e+00
$\Lambda$CDM,170.000000,3.112459311048e+00
$\Lambda$CDM,170.250000,3.164585448075e+00
$\Lambda$CDM,170.500000,3.218345396109e+00
$\Lambda$CDM,170.750000,3.273672653774e+00
$\Lambda$CDM,171.000000,3.330487778657e+00
$\Lambda$CDM,171.250000,3.388698579909e+00
$\Lambda$CDM,171.500000,3.448200395956e+00
$\Lambda$CDM,171.750000,3.508876456175e+00
$\Lambda$CDM,172.000000,3.570598324847e+00
$\Lambda$CDM,172.250000,3.633226425108e+00
$\Lambda$CDM,172.500000,3.696610640087e+00
$\Lambda$CDM,172.750000,3.760590987906e+00
$\Lambda$CDM,173.000000,3.824998366666e+00
$\Lambda$CDM,173.250000,3.889655365103e+00
$\Lambda$CDM,173.500000,3.954377134103e+00
$\Lambda$CDM,173.750000,4.018972313861e+00
$\Lambda$CDM,174.000000,4.083244011058e+00
$\Lambda$CDM,174.250000,4.146990820095e+00
$\Lambda$CDM,174.500000,4.210007882076e+00
$\Lambda$CDM,174.750000,4.272087974976e+00
$\Lambda$CDM,175.000000,4.333022628199e+00
$\Lambda$CDM,175.250000,4.392603254525e+00
$\Lambda$CDM,175.500000,4.450622292314e+00
$\Lambda$CDM,175.750000,4.506874350755e+00
$\Lambda$CDM,176.000000,4.561157350876e+00
$\Lambda$CDM,176.250000,4.613273655048e+00
$\Lambda$CDM,176.500000,4.663031177780e+00
$\Lambda$CDM,176.750000,4.710244470683e+00
$\Lambda$CDM,177.000000,4.754735774637e+00
$\Lambda$CDM,177.250000,4.796336032403e+00
$\Lambda$CDM,177.500000,4.834885855146e+00
$\Lambda$CDM,177.750000,4.870236436638e+00
$\Lambda$CDM,178.000000,4.902250409223e+00
$\Lambda$CDM,178.250000,4.930802636007e+00
$\Lambda$CDM,178.500000,4.955780934146e+00
$\Lambda$CDM,178.750000,4.977086724527e+00
$\Lambda$CDM,179.000000,4.994635603633e+00
$\Lambda$CDM,179.250000,5.008357833867e+00
$\Lambda$CDM,179.500000,5.018198749164e+00
$\Lambda$CDM,179.750000,5.024119073227e+00
$\Lambda$CDM,180.000000,5.026095148334e+00
